"ID"	"kmer_coverage"	"bioproject"	"biosample"	"bioproject_title"	"bioproject_description"	"refs"	"sample_acc"	"assay_type"	"center_name"	"experiment"	"sample_name"	"organism"	"longitude"	"latitude"	"selected_location"	"locations"	"disease_source"	"disease_text"	"do_label"	"do_id"	"tissue"	"tissue_source"	"tissue_text"	"bto_id"	"contigs_n50"	"contigs_nbseq"	"contigs_maxlen"	"contigs_sumlen"	"unitigs_n50"	"unitigs_nbseq"	"unitigs_maxlen"	"unitigs_sumlen"	"instrument"	"librarylayout"	"libraryselection"	"librarysource"	"library_name"	"platform"	"sra_study"	"releasedate"	"mbytes"	"avgspotlen"	"mbases"	"biosamplemodel_sam"	"collection_date_sam"	"location_count"	"location_avg_coverage"	"location_max_coverage"	"location_min_coverage"	"location_med_coverage"
"ERR1512385"	"1"	"PRJEB14639"	"SAMEA4058356"	"Deep-sequencing of distinct preparations of the live-attenuated VZV vaccine reveals a conserved core of attenuating SNPs"	"The continued success of the live-attenuated varicella zoster virus vaccine in preventing varicella and herpes zoster is well documented, as are many of the mutations that contribute to the attenuation of the vOka virus for replication in skin. At least three different preparations of vOKa are marketed. Here, we show using deep sequencing of seven batches of vOka vaccine (including ZostaVax, VariVax, VarilRix and the Oka/Biken working seed) from three different manufacturers (VariVax, GSK and Biken) that  137 SNP mutations are present in all vaccine batches. This includes six sites at which the vaccine allele is fixed or near-fixation which we speculate are likely to be important for attenuation. We additionally show that despite differences in the vaccine populations between preparations, batch to batch variation is minimal, as is the number and frequency of mutations unique to individual batches.  This suggests that the vaccine manufacturing processes are not introducing new mutations and notwithstanding the mixture of variants present, VZV live vaccines are extremely stable."	"PMC:5021409"	"ERS1229466"	"Targeted-Capture"	"UNIVERSITY COLLEGE LONDON"	"ERX1583412"	"SAMEA4058356"	"Human alphaherpesvirus 3"	"-0.13466"	"51.52462"	"INSDC center name"	""	""	""	""	""	""	""	""	""	"179"	"2207"	"1121"	"193566"	"37"	"50838"	"620"	"2064944"	"Illumina MiSeq"	"PAIRED"	"other"	"GENOMIC"	"VV12"	"ILLUMINA"	"ERP016293"	"2016-07-12T00:00:00"	"35"	"302"	"52"	""	""	"12"	"1"	"1"	"1"	"1"
"ERR244068"	"1"	"PRJEB2768"	"SAMEA1709529"	"Herpesvirus_whole_genome_sequencing"	"Very little is known about genome diversity of herpesviruses and there are currently very few genome sequences in Genbank. Whole genome sequencing of large DNA viruses is complicated by the difficulty in separating virus DNA from human DNA. In this project we will address this issue by using Agilent SureSelect technology and Illumina deep sequencing to sequence several members of the herpesvirus family, including Epstein Barr virus (EBV, HHV4), Kaposi’s sarcoma associated herpesvirus (KSHV, HHV8) and varicella zoster virus (VZV, HHV3). We have designed custom baits to the available reference sequences and will use these to pull out virus sequence from host DNA and then Illumina sequence the captured virus DNA. The short read data will be assembled into a genome consensus sequence for each virus and importantly, allow analysis of virus minority species, which may be important for pathogenesis.  We will use a range of samples including DNA from cell lines latently infected with either EBV or KSHV or both viruses. These data will enable an initial estimation of genome diversity and highlight differences at the genetic level between EBV and KSHV from different cell lines. Further studies will generate herpesvirus genome sequences from clinical samples, including varicella, Kaposi’s sarcoma and nasopharyngeal carcinoma to investigate virus genetic diversity and pathogenic determinants.  http://www.sanger.ac.uk/resources/downloads/viruses/herpesviridae-lymphocryptovirus  http://www.sanger.ac.uk/resources/downloads/viruses/herpesviridae-rhadinovirus  http://www.sanger.ac.uk/resources/downloads/viruses/herpesviridae-simplexvirus"	"PMC:11943181,8235469"	"ERS074864"	"WGS"	"SC"	"ERX218602"	"SAMEA1709529"	"human gammaherpesvirus 4"	"-81.04537"	"33.99882"	"INSDC center name"	""	""	""	""	""	""	""	""	""	"39"	"20991"	"26470"	"999188"	"37"	"247880"	"874"	"9794413"	"Illumina HiSeq 2000"	"PAIRED"	"RANDOM"	"GENOMIC"	"2674240"	"ILLUMINA"	"ERP001026"	"2013-03-23T00:00:00"	"126"	"200"	"248"	""	""	"37"	"0.98"	"1"	"0.6"	"1"
"SRR7948105"	"1"	"PRJNA493815"	"SAMN10148251"	"Vaccine measles, mumps, rubella, chickenpox Metagenome"	"Effect of sequencing coverage reduction on species identification in complex biological matrix"	""	"SRS3862239"	"WGS"	"IGA TECHNOLOGY SERVICES SRL"	"SRX4782055"	"B2"	"metagenome"	"12.49563"	"41.90325"	"geo_loc_name"	"{""geo_loc_name_country_calc"": [12.49563, 41.90325], ""geo_loc_name_sam"": [""12.49563"", ""41.90325""]}"	""	""	""	""	""	""	""	""	"40"	"309858"	"5416"	"15775730"	"50"	"3855623"	"2055"	"190101979"	"Illumina HiSeq 2500"	"PAIRED"	"PCR"	"METAGENOMIC"	"1_Pri"	"ILLUMINA"	"SRP163096"	"2018-10-15T00:00:00"	"362"	"244"	"937"	"Metagenome or environmental"	""	"2"	"1"	"1"	"1"	"1"
"SRR156347"	"1"	""	"SAMN00254016"	""	""	""	"SRS183285"	"WGS"	"UCL"	"SRX052993"	"VZV Saliva strain #1"	"Human herpesvirus 3"	""	""	""	""	""	""	""	""	""	""	""	""	"48"	"103850"	"2030"	"5749914"	"35"	"2714259"	"317"	"107208465"	"Illumina Genome Analyzer IIx"	"PAIRED"	"Hybrid Selection"	"GENOMIC"	"SAL 1"	"ILLUMINA"	"SRP006178"	"2012-01-18T00:00:00"	"491"	"144"	"805"	""	""	"0"	""	""	""	""
"ERR4277267"	"1"	"PRJEB38829"	"SAMEA6999490"	"Decoding the architecture of the varicella-zoster virus transcriptome"	"Varicella-zoster virus (VZV), a double-stranded DNA virus, causes varicella, establishes lifelong latency in ganglionic neurons, and reactivates later in life to cause herpes zoster, commonly associated with chronic pain. The VZV genome is densely packed and produces multitudes of overlapping transcripts deriving from both strands. While 71 distinct open reading frames (ORFs) have thus far been experimentally defined, the full coding potential of VZV remains unknown. Here, we integrated multiple short-read RNA sequencing approaches with long-read direct RNA sequencing on RNA isolated from VZV-infected cells to provide a comprehensive reannotation of the lytic VZV transcriptome architecture. Through precise mapping of transcription start sites, splice junctions, and polyadenylation sites, we identified 136 distinct polyadenylated VZV RNAs that encode canonical ORFs, non-canonical ORFs, and ORF fusions, as well as putative non-coding RNAs (ncRNAs). Furthermore, we determined the kinetic class of all VZV transcripts and observed, unexpectedly, that transcripts encoding the ORF62 protein, previously designated as immediate-early, were expressed with late kinetics. Our work showcases the complexity of the VZV transcriptome and provides a comprehensive resource that will facilitate future functional studies of coding RNAs, ncRNAs, and the biological mechanisms underlying the regulation of viral transcription and translation during lytic VZV infection."	"PMC:7542360"	"ERS4767571"	"OTHER"	"NEW YORK UNIVERSITY SCHOOL OF MEDICINE"	"ERX4231894"	"SAMEA6999490"	"Human alphaherpesvirus 3"	"-73.9743"	"40.7423"	"INSDC center name"	""	""	""	""	""	""	""	""	""	"33"	"319225"	"1687"	"12437885"	"34"	"2042382"	"757"	"77816691"	"NextSeq 550"	"SINGLE"	"CAGE"	"TRANSCRIPTOMIC"	"pOKA-ARPE19-CAGE-biorep2"	"ILLUMINA"	"ERP122280"	"2020-08-01T00:00:00"	"845"	"75"	"1987"	""	""	"22"	"0.98"	"1"	"0.66"	"1"
"SRR043089"	"1"	""	"SAMN00010554"	""	""	""	"SRS025539"	"AMPLICON"	"STANFORD UNIVERSITY"	"SRX018136"	"Varivax"	"Human herpesvirus 3"	""	""	""	""	""	""	""	""	""	""	""	""	"72"	"6550"	"2159"	"414686"	"34"	"189614"	"791"	"7094097"	"454 GS FLX"	"SINGLE"	"RANDOM PCR"	"OTHER"	"Varivax"	"LS454"	"SRP002150"	"2010-05-10T00:00:00"	"92"	"508"	"42"	""	""	"0"	""	""	""	""
"SRR23024395"	"1"	"PRJNA921818"	"SAMN32634553"	"Genome-wide comparison of varicella-zoster virus vaccines"	"In this study, a high throughput sequencing technology was utilized to obtain deep coverage for VZV genome in four commercial vaccines. Genetic variants in the vaccines were identified and compared to the reference genomes of Dumas, pOka, vOka, and MAV/06, allowing the tracing of origin of the variants."	""	"SRS16401487"	"WGS"	"AJOU UNIVERSITY"	"SRX18979889"	"GSK_rep2"	"Human alphaherpesvirus 3"	"126.99989"	"37.55886"	"geo_loc_name"	"{""geo_loc_name_country_calc"": [126.99989, 37.55886], ""geo_loc_name_sam"": [""126.99989"", ""37.55886""]}"	""	""	""	""	""	""	""	""	"178"	"5672190"	"7509"	"741651648"	"95"	"25768865"	"2070"	"1719552122"	"Illumina NovaSeq 6000"	"PAIRED"	"PCR"	"GENOMIC"	"GSK_rep2"	"ILLUMINA"	"SRP416618"	"2023-02-09T00:00:00"	"2189"	"302"	"6817"	"Viral"	"2022-08-01"	"11"	"1"	"1"	"1"	"1"
"ERR832443"	"1"	"PRJEB9772"	"SAMEA3311942"	"vzv latency"	"vzv latency"	""	"ERS688063"	"RNA-Seq"	"BAR ILAN"	"ERX912517"	"SAMEA3311942"	"Human alphaherpesvirus 3"	"34.84447"	"32.06939"	"INSDC center name"	""	""	""	""	""	""	""	""	""	"199"	"254293"	"2462"	"24781908"	"46"	"4863860"	"652"	"219777677"	"Illumina HiSeq 2500"	"SINGLE"	"unspecified"	"TRANSCRIPTOMIC"	"unspecified"	"ILLUMINA"	"ERP010915"	"2016-05-06T00:00:00"	"1802"	"51"	"2828"	""	""	"2"	"1"	"1"	"1"	"1"
"ERR6150244"	"1"	"PRJEB45678"	"SAMEA8946463"	"A Variant allele in Varicella-Zoster Virus Glycoprotein B, Selected during Production of the Varicella Vaccine, Contributes to its Attenuation"	"Attenuation of the live varicella Oka vaccine (vOka) has been attributed to mutations in the genome acquired during cell culture passage of pOka (parent strain); however, the precise mechanisms of attenuation remain unknown. Comparative sequence analyses of several vaccine batches showed that over 100 single-nucleotide polymorphisms (SNPs) are conserved across all vaccine batches; six SNPs are fixed or nearly fixed, suggesting that these SNPs are responsible for attenuation. By contrast, prior analysis of chimeric vOka and pOka recombinants indicates that loci other than these six SNPs contribute to attenuation. Here, we report that pOka consists of a heterogenous population of virus sequences with two nearly equally represented bases, G or A, at nucleotide 2096 of ORF31 which encodes glycoprotein B (gB) resulting in arginine (R) or glutamine (Q), respectively, at amino acid 699 of gB. While 2096A/699Q is dominant in vOka (99.99 to 100%). gB699Q/gH/gL showed significantly less fusion activity than gB699R/gH/gL in a cell-based fusion assay. Recombinant pOka with gB-669Q (rpOka-gB699Q) had a similar growth phenotype as vOka during lytic infection in cell culture; however, rpOka-gB699R showed a growth phenotype similar to pOka. rpOka-gB699R entered neurons from axonal terminals more efficiently than rpOka-gB699Q in the presence of cell membrane-derived vesicles containing gB. Strikingly, when a mixture of pOka with both alleles equally represented was used to infect human neurons from axon terminals, pOka with gB699R was dominant for virus entry. These results identify a variant allele in gB that contributes to attenuation of vOka."	"PMC:9426484"	"ERS6629237"	"WGS"	"NEW YORK UNIVERSITY SCHOOL OF MEDICINE"	"ERX5787068"	"SAMEA8946463"	"Human alphaherpesvirus 3"	"-73.9743"	"40.7423"	"INSDC center name"	""	""	""	""	""	""	""	""	""	"209"	"309978"	"5476"	"46875056"	"124"	"1409680"	"821"	"105298907"	"NextSeq 550"	"PAIRED"	"RANDOM"	"GENOMIC"	"vOka_14d_latency_rep1"	"ILLUMINA"	"ERP129818"	"2021-10-04T00:00:00"	"275"	"398"	"465"	""	""	"22"	"0.98"	"1"	"0.66"	"1"
"SRR157490"	"1"	""	"SAMN00254025"	""	""	""	"SRS183294"	"WGS"	"UCL"	"SRX052996"	"VZV strain V110A"	"Human herpesvirus 3"	""	""	""	""	""	""	""	""	""	""	""	""	"35"	"64886"	"1042"	"2409774"	"35"	"1123739"	"749"	"42462956"	"Illumina Genome Analyzer IIx"	"PAIRED"	"PCR"	"GENOMIC"	"V110A"	"ILLUMINA"	"SRP006178"	"2012-01-18T00:00:00"	"1141"	"108"	"1917"	""	""	"0"	""	""	""	""
"ERR4277253"	"1"	"PRJEB38829"	"SAMEA6999490"	"Decoding the architecture of the varicella-zoster virus transcriptome"	"Varicella-zoster virus (VZV), a double-stranded DNA virus, causes varicella, establishes lifelong latency in ganglionic neurons, and reactivates later in life to cause herpes zoster, commonly associated with chronic pain. The VZV genome is densely packed and produces multitudes of overlapping transcripts deriving from both strands. While 71 distinct open reading frames (ORFs) have thus far been experimentally defined, the full coding potential of VZV remains unknown. Here, we integrated multiple short-read RNA sequencing approaches with long-read direct RNA sequencing on RNA isolated from VZV-infected cells to provide a comprehensive reannotation of the lytic VZV transcriptome architecture. Through precise mapping of transcription start sites, splice junctions, and polyadenylation sites, we identified 136 distinct polyadenylated VZV RNAs that encode canonical ORFs, non-canonical ORFs, and ORF fusions, as well as putative non-coding RNAs (ncRNAs). Furthermore, we determined the kinetic class of all VZV transcripts and observed, unexpectedly, that transcripts encoding the ORF62 protein, previously designated as immediate-early, were expressed with late kinetics. Our work showcases the complexity of the VZV transcriptome and provides a comprehensive resource that will facilitate future functional studies of coding RNAs, ncRNAs, and the biological mechanisms underlying the regulation of viral transcription and translation during lytic VZV infection."	"PMC:7542360"	"ERS4767571"	"OTHER"	"NEW YORK UNIVERSITY SCHOOL OF MEDICINE"	"ERX4231880"	"SAMEA6999490"	"Human alphaherpesvirus 3"	"-73.9743"	"40.7423"	"INSDC center name"	""	""	""	""	""	""	""	""	""	"172"	"39700"	"2641"	"3145299"	"35"	"2299151"	"730"	"89120224"	"NextSeq 550"	"SINGLE"	"CAGE"	"TRANSCRIPTOMIC"	"pOKA-ARPE19-CAGE-biorep1"	"ILLUMINA"	"ERP122280"	"2020-08-01T00:00:00"	"780"	"75"	"1829"	""	""	"22"	"0.98"	"1"	"0.66"	"1"
"ERR6752379"	"1"	"PRJEB42868"	"SAMEA9957672"	"Reannotation of the simian varicella virus lytic transcriptome and characterization of the latency-associated transcript"	"Varicella-zoster virus (VZV), an endemic human alphaherpesvirus, causes varicella and establishes lifelong latency in the neurons of the dorsal root and trigeminal ganglia. Later in life, reactivation from latency results in herpes zoster, a condition that is often complicated by untreatable debilitating chronic pain in the affected dermatome. Since VZV is highly species-specific, no small animal models exist that fully recapitulate the viral life cycle. Simian varicella virus (SVV) is the closest known relative of VZV and experimental infection of non-human primates with SVV recapitulates all features of human VZV disease, thus providing an opportunity to study the pathogenesis of VZV disease and latency in vivo. SVV and VZV genomes are co-linear, similar in size and share most open reading frames. The SVV transcriptome is currently annotated based on homology to VZV, likely underestimating complexity and differences between the two viruses. Here, we use direct long-read RNA sequencing to redefine the SVV transcriptome during in vitro and in vivo lytic infection, and reveal previously unrecognized isoforms, splicing events and fusion transcripts, of which some are conserved with VZV. Furthermore, we characterized the SVV homologue of the VZV latency-associated transcript (VLT), that, similar its VZV homologue is located antisense the immediate-early gene ORF61, multiply spliced and exists in many different isoforms during lytic infection, whereas a single dominant form is found during in vivo latency. In summary, this works contributes to understanding the molecular biology of SVV infection, thereby providing a solid basis for further studies into the pathogenesis of lytic and latent infection of both SVV and VZV."	""	"ERS7635976"	"WGS"	"NEW YORK UNIVERSITY SCHOOL OF MEDICINE"	"ERX6376325"	"SAMEA9957672"	"Human alphaherpesvirus 3"	"-73.9743"	"40.7423"	"INSDC center name"	""	""	""	""	""	""	""	""	""	"242"	"1730240"	"3143"	"254046841"	"97"	"8390207"	"1160"	"548670730"	"Illumina MiSeq"	"PAIRED"	"RANDOM"	"GENOMIC"	"EMC1-VLTstop"	"ILLUMINA"	"ERP126789"	"2021-09-28T00:00:00"	"1155"	"600"	"2126"	""	""	"22"	"0.98"	"1"	"0.66"	"1"
"ERR244055"	"1"	"PRJEB2768"	"SAMEA1709560"	"Herpesvirus_whole_genome_sequencing"	"Very little is known about genome diversity of herpesviruses and there are currently very few genome sequences in Genbank. Whole genome sequencing of large DNA viruses is complicated by the difficulty in separating virus DNA from human DNA. In this project we will address this issue by using Agilent SureSelect technology and Illumina deep sequencing to sequence several members of the herpesvirus family, including Epstein Barr virus (EBV, HHV4), Kaposi’s sarcoma associated herpesvirus (KSHV, HHV8) and varicella zoster virus (VZV, HHV3). We have designed custom baits to the available reference sequences and will use these to pull out virus sequence from host DNA and then Illumina sequence the captured virus DNA. The short read data will be assembled into a genome consensus sequence for each virus and importantly, allow analysis of virus minority species, which may be important for pathogenesis.  We will use a range of samples including DNA from cell lines latently infected with either EBV or KSHV or both viruses. These data will enable an initial estimation of genome diversity and highlight differences at the genetic level between EBV and KSHV from different cell lines. Further studies will generate herpesvirus genome sequences from clinical samples, including varicella, Kaposi’s sarcoma and nasopharyngeal carcinoma to investigate virus genetic diversity and pathogenic determinants.  http://www.sanger.ac.uk/resources/downloads/viruses/herpesviridae-lymphocryptovirus  http://www.sanger.ac.uk/resources/downloads/viruses/herpesviridae-rhadinovirus  http://www.sanger.ac.uk/resources/downloads/viruses/herpesviridae-simplexvirus"	"PMC:11943181,8235469"	"ERS074884"	"WGS"	"SC"	"ERX218589"	"SAMEA1709560"	"Human alphaherpesvirus 3"	"-81.04537"	"33.99882"	"INSDC center name"	""	""	""	""	""	""	""	""	""	"42"	"34067"	"3031"	"1768331"	"35"	"681806"	"884"	"27353647"	"Illumina HiSeq 2000"	"PAIRED"	"RANDOM"	"GENOMIC"	"2674284"	"ILLUMINA"	"ERP001026"	"2013-06-13T00:00:00"	"550"	"200"	"892"	""	""	"37"	"0.98"	"1"	"0.6"	"1"
"ERR6752382"	"1"	"PRJEB42868"	"SAMEA9957674"	"Reannotation of the simian varicella virus lytic transcriptome and characterization of the latency-associated transcript"	"Varicella-zoster virus (VZV), an endemic human alphaherpesvirus, causes varicella and establishes lifelong latency in the neurons of the dorsal root and trigeminal ganglia. Later in life, reactivation from latency results in herpes zoster, a condition that is often complicated by untreatable debilitating chronic pain in the affected dermatome. Since VZV is highly species-specific, no small animal models exist that fully recapitulate the viral life cycle. Simian varicella virus (SVV) is the closest known relative of VZV and experimental infection of non-human primates with SVV recapitulates all features of human VZV disease, thus providing an opportunity to study the pathogenesis of VZV disease and latency in vivo. SVV and VZV genomes are co-linear, similar in size and share most open reading frames. The SVV transcriptome is currently annotated based on homology to VZV, likely underestimating complexity and differences between the two viruses. Here, we use direct long-read RNA sequencing to redefine the SVV transcriptome during in vitro and in vivo lytic infection, and reveal previously unrecognized isoforms, splicing events and fusion transcripts, of which some are conserved with VZV. Furthermore, we characterized the SVV homologue of the VZV latency-associated transcript (VLT), that, similar its VZV homologue is located antisense the immediate-early gene ORF61, multiply spliced and exists in many different isoforms during lytic infection, whereas a single dominant form is found during in vivo latency. In summary, this works contributes to understanding the molecular biology of SVV infection, thereby providing a solid basis for further studies into the pathogenesis of lytic and latent infection of both SVV and VZV."	""	"ERS7635978"	"WGS"	"NEW YORK UNIVERSITY SCHOOL OF MEDICINE"	"ERX6376328"	"SAMEA9957674"	"Human alphaherpesvirus 3"	"-73.9743"	"40.7423"	"INSDC center name"	""	""	""	""	""	""	""	""	""	"240"	"1725781"	"4512"	"265104461"	"91"	"9261467"	"996"	"594388981"	"Illumina MiSeq"	"PAIRED"	"RANDOM"	"GENOMIC"	"EMC1-VLTd1aa"	"ILLUMINA"	"ERP126789"	"2021-09-28T00:00:00"	"1223"	"600"	"2226"	""	""	"22"	"0.98"	"1"	"0.66"	"1"
"SRR4019631"	"1"	"PRJNA338650"	"SAMN05560322"	"Cell responses to dysregulated VZV-induced cell-cell fusion"	"The highly conserved herpesvirus glycoprotein complex, gB/gH-gL, mediates membrane fusion during virion entry and cell-cell fusion.  Varicella-zoster virus (VZV) characteristically forms multi-nucleated cells, or syncytia, during the infection of human tissues but little is known about this process.  The cytoplasmic domain of VZV gB (gBcyt) has been implicated in cell-cell fusion regulation because a gB[Y881F] substitution causes hyperfusion.  The gBcyt regulation is necessary for VZV pathogenesis as the hyperfusogenic mutant gB[Y881F] is severely attenuated in human skin xenografts.  In this study, gBcyt regulated fusion was investigated by comparing melanoma cells infected with wild type-like VZV or hyperfusogenic mutants.  The gB[Y881F] mutant exhibited dramatically accelerated syncytia formation in melanoma cells caused by fusion of infected cells with many uninfected cells, increased cytoskeleton reorganization and rapid displacement of nuclei to dense central structures when compared to pOka using live cell confocal microscopy.  VZV and human transcriptomes were concurrently investigated using RNA-seq to identify viral and cellular responses induced when the gBcyt regulation was disrupted by the gB[Y881F] substitution.  The expression of four vital VZV genes, ORF61 and glycoproteins, gC, gE and gI, was significantly reduced at 36 hours post infection for the hyperfusogenic mutants.  Importantly, hierarchical clustering demonstrated an association of differential gene expression with dysregulated gBcyt-mediated fusion.  A subset of Ras GTPase genes linked to membrane remodeling were upregulated in cells infected with the hyperfusogenic mutants.  These data implicate the gBcyt in the regulation gB fusion function that, if unmodulated, triggers cellular processes leading to hyperfusion that attenuates VZV infection.Overall design: Biological duplicates from 3 time points (12, 24 and 36 hours post infection) of uninfected MeWo cells or MeWo cells infected with varicella-zoster virus strain pOka or mutants gB[Y881F], gB[Y920F] or gB[Y881/920F]"	"PubMed:27795423"	"SRS1610275"	"RNA-Seq"	"GEO"	"SRX2013152"	"GSM2267765"	"Homo sapiens"	""	""	""	""	""	""	""	""	""	""	""	""	"607"	"36568"	"9929"	"13179656"	"56"	"898004"	"3083"	"53738652"	"Illumina HiSeq 2000"	"SINGLE"	"cDNA"	"TRANSCRIPTOMIC"	""	"ILLUMINA"	"SRP081284"	"2017-03-01T00:00:00"	"559"	"51"	"878"	""	""	"0"	""	""	""	""
"SRR11035965"	"1"	"PRJNA605297"	"SAMN14053358"	"Human alphaherpesvirus 3 sequencing"	"Metagenomic sequencing of a patient with central nervous system infection with Human alphaherpesvirus 3"	""	"SRS6114698"	"WGA"	"BGI"	"SRX7688224"	"18S4055463"	"Human alphaherpesvirus 3"	"118.76598"	"32.04978"	"geo_loc_name_sam"	"{""geo_loc_name_country_calc"": [116.38765, 39.90657], ""geo_loc_name"": [""118.76598"", ""32.04978""]}"	""	""	""	""	""	""	""	""	"14706"	"28"	"32126"	"117356"	"2765"	"235"	"11968"	"124634"	"BGISEQ-500"	"SINGLE"	"RANDOM"	"METAGENOMIC"	"18S4055463"	"BGISEQ"	"SRP247533"	"2020-02-08T00:00:00"	"2"	"50"	"4"	"Pathogen.cl"	"2019-01-31"	"3"	"1"	"1"	"1"	"1"
"SRR23244953"	"1"	"PRJNA928395"	"SAMN32930957"	"Gene expression based molecular test as diagnostic aid for the differential diagnosis of psoriasis and eczema in formalin fixed and paraffin embedded tissue, microbiopsies and tape strips"	"Development of a real-time PCR based molecular classifier to distinguish psoriasis from eczema in FFPE-fixed skin samples and evaluation of the use of minimally invasive microbiopsies and tape strips for molecular diagnosis.Overall design: Performing gene expression analysis using data obtained from RNA-seq of macrobiopsies and microbiopsies of eczema and psoriasis patients"	"PubMed:36889660"	"SRS16601520"	"RNA-Seq"	"ZAUM – CENTER OF ALLERGY AND ENVIRONMENT, TECHNICAL UNIVERSITY OF MUNICH AND HELMHOLTZ CENTER MUNICH"	"SRX19190955"	"GSM6996028"	"Homo sapiens"	""	""	""	""	"condition"	"psoriasis"	"psoriasis"	"DOID_8893"	""	""	""	""	"220"	"587825"	"11536"	"90089650"	"117"	"3612949"	"2060"	"283252176"	"Illumina HiSeq 4000"	"PAIRED"	"cDNA"	"TRANSCRIPTOMIC"	"GSM6996028"	"ILLUMINA"	"SRP419280"	"2023-03-01T00:00:00"	"533"	"272"	"1328"	""	""	"0"	""	""	""	""
"ERR244038"	"1"	"PRJEB2768"	"SAMEA1709593"	"Herpesvirus_whole_genome_sequencing"	"Very little is known about genome diversity of herpesviruses and there are currently very few genome sequences in Genbank. Whole genome sequencing of large DNA viruses is complicated by the difficulty in separating virus DNA from human DNA. In this project we will address this issue by using Agilent SureSelect technology and Illumina deep sequencing to sequence several members of the herpesvirus family, including Epstein Barr virus (EBV, HHV4), Kaposi’s sarcoma associated herpesvirus (KSHV, HHV8) and varicella zoster virus (VZV, HHV3). We have designed custom baits to the available reference sequences and will use these to pull out virus sequence from host DNA and then Illumina sequence the captured virus DNA. The short read data will be assembled into a genome consensus sequence for each virus and importantly, allow analysis of virus minority species, which may be important for pathogenesis.  We will use a range of samples including DNA from cell lines latently infected with either EBV or KSHV or both viruses. These data will enable an initial estimation of genome diversity and highlight differences at the genetic level between EBV and KSHV from different cell lines. Further studies will generate herpesvirus genome sequences from clinical samples, including varicella, Kaposi’s sarcoma and nasopharyngeal carcinoma to investigate virus genetic diversity and pathogenic determinants.  http://www.sanger.ac.uk/resources/downloads/viruses/herpesviridae-lymphocryptovirus  http://www.sanger.ac.uk/resources/downloads/viruses/herpesviridae-rhadinovirus  http://www.sanger.ac.uk/resources/downloads/viruses/herpesviridae-simplexvirus"	"PMC:11943181,8235469"	"ERS074860"	"WGS"	"SC"	"ERX218572"	"SAMEA1709593"	"human gammaherpesvirus 4"	"-81.04537"	"33.99882"	"INSDC center name"	""	""	""	""	""	""	""	""	""	"162"	"7953"	"3169"	"779151"	"39"	"279606"	"444"	"11839185"	"Illumina HiSeq 2000"	"PAIRED"	"RANDOM"	"GENOMIC"	"2674236"	"ILLUMINA"	"ERP001026"	"2013-03-23T00:00:00"	"124"	"200"	"186"	""	""	"37"	"0.98"	"1"	"0.6"	"1"
"SRR15524207"	"1"	"PRJNA734644"	"SAMN20822608"	"Raw sequence reads for human plasma cfDNA samples positive with multiple DNA viruses"	"Fragment size-based enrichment of viral sequences in plasma cell-free DNA"	"PMC:9127460"	"SRS9837253"	"WGS"	"UNIVERSITY OF WASHINGTON"	"SRX11822954"	"VZV043"	"Human alphaherpesvirus 3"	"-122.32945"	"47.60357"	"geo_loc_name"	"{""geo_loc_name_sam"": [-122.32945, 47.60357], ""geo_loc_name_country_calc"": [""-77.03196"", ""38.89036""]}"	""	""	""	""	""	""	""	""	"32"	"259419"	"3012"	"9314439"	"41"	"12479625"	"587"	"500964926"	"NextSeq 550"	"PAIRED"	"RANDOM"	"GENOMIC"	"=LEFT(L20,FIND(""_"",L20)-1)"	"ILLUMINA"	"SRP333243"	"2021-08-19T00:00:00"	"1548"	"102"	"5412"	"Pathogen.cl"	""	"7"	"0.92"	"1"	"0.53"	"1"
"SRR4098584"	"1"	"PRJNA324581"	"SAMN05713719"	"Clinical sequencing Metagenome Metagenomic assembly"	"Metagenomic sequencing of samplings from clinical infections. Sample types include stool, nasopharynx, skin, etc."	""	"SRS1658284"	"OTHER"	"THE GENOME INSTITUTE AT WASHINGTON UNIVERSITY SCHOOL OF MEDICINE"	"SRX2067121"	"H_LA-CC25-1"	"viral metagenome"	"-90.19956"	"38.62775"	"geo_loc_name"	"{""geo_loc_name_sam"": [-90.19956, 38.62775], ""geo_loc_name_country_calc"": [""-77.03196"", ""38.89036""]}"	""	""	""	""	""	""	""	""	"456"	"1834"	"3425"	"274651"	"47"	"296296"	"1231"	"12523794"	"Illumina HiSeq 2500"	"PAIRED"	"Hybrid Selection"	"METAGENOMIC"	"H_LA-CC25-1"	"ILLUMINA"	"SRP083744"	"2017-09-01T00:00:00"	"88"	"237"	"278"	"Metagenome or environmental"	""	"7"	"0.87"	"1"	"0.53"	"1"
"SRR15912270"	"1"	"PRJNA763785"	"SAMN21449413"	"Heterochromatin rewiring and domain disruption-mediated chromatin compaction during erythropoiesis"	"Erythropoiesis in mammalian involves chromatin compaction which is initiated in the early stage of terminal differentiation. The proper condensation of chromatin is essential for the subsequent enucleation of erythroblast, but the characteristics of chromatin compaction and chromatin architecture changes in erythropoiesis are poorly understood. Here, we show that the formation of H3K9me3 long-range interactions which mediated heterochromatin three-dimensional rewiring participant in human erythroid chromatin condensation. TADs structure attenuated and boundary strength weakened globally but selectively maintaining in active chromatin region during terminal erythropoiesis. We demonstrate that the erythroid master regulators GATA1 safeguard the active chromatin structure and ensure the appropriate gene expression, under the chromatin condensation of human terminal erythropoiesisOverall design: Hi-C was performed on human Pro-, Ortho-erythroblast, KO-GATA1 and KO-control samples, and each sample has 2 replicates. The KO-KLF1 sample only has one replicate."	"PubMed:36914797"	"SRS10179329"	"Hi-C"	"GEO"	"SRX12202684"	"GSM5582263"	"Homo sapiens"	""	""	""	""	""	""	""	""	""	""	""	""	""	""	""	""	"33"	"1594452020"	"4478"	"57507673777"	"HiSeq X Ten"	"PAIRED"	"other"	"GENOMIC"	""	"ILLUMINA"	"SRP337374"	"2023-07-31T00:00:00"	"118362"	"300"	"381149"	""	""	"0"	""	""	""	""
"ERR244058"	"1"	"PRJEB2768"	"SAMEA1709588"	"Herpesvirus_whole_genome_sequencing"	"Very little is known about genome diversity of herpesviruses and there are currently very few genome sequences in Genbank. Whole genome sequencing of large DNA viruses is complicated by the difficulty in separating virus DNA from human DNA. In this project we will address this issue by using Agilent SureSelect technology and Illumina deep sequencing to sequence several members of the herpesvirus family, including Epstein Barr virus (EBV, HHV4), Kaposi’s sarcoma associated herpesvirus (KSHV, HHV8) and varicella zoster virus (VZV, HHV3). We have designed custom baits to the available reference sequences and will use these to pull out virus sequence from host DNA and then Illumina sequence the captured virus DNA. The short read data will be assembled into a genome consensus sequence for each virus and importantly, allow analysis of virus minority species, which may be important for pathogenesis.  We will use a range of samples including DNA from cell lines latently infected with either EBV or KSHV or both viruses. These data will enable an initial estimation of genome diversity and highlight differences at the genetic level between EBV and KSHV from different cell lines. Further studies will generate herpesvirus genome sequences from clinical samples, including varicella, Kaposi’s sarcoma and nasopharyngeal carcinoma to investigate virus genetic diversity and pathogenic determinants.  http://www.sanger.ac.uk/resources/downloads/viruses/herpesviridae-lymphocryptovirus  http://www.sanger.ac.uk/resources/downloads/viruses/herpesviridae-rhadinovirus  http://www.sanger.ac.uk/resources/downloads/viruses/herpesviridae-simplexvirus"	"PMC:11943181,8235469"	"ERS074887"	"WGS"	"SC"	"ERX218592"	"SAMEA1709588"	"Human alphaherpesvirus 3"	"-81.04537"	"33.99882"	"INSDC center name"	""	""	""	""	""	""	""	""	""	"34"	"105099"	"1452"	"3886743"	"34"	"1465485"	"536"	"55177706"	"Illumina HiSeq 2000"	"PAIRED"	"RANDOM"	"GENOMIC"	"2674287"	"ILLUMINA"	"ERP001026"	"2013-06-13T00:00:00"	"1361"	"200"	"2582"	""	""	"37"	"0.98"	"1"	"0.6"	"1"
"ERR1512386"	"1"	"PRJEB14639"	"SAMEA4058357"	"Deep-sequencing of distinct preparations of the live-attenuated VZV vaccine reveals a conserved core of attenuating SNPs"	"The continued success of the live-attenuated varicella zoster virus vaccine in preventing varicella and herpes zoster is well documented, as are many of the mutations that contribute to the attenuation of the vOka virus for replication in skin. At least three different preparations of vOKa are marketed. Here, we show using deep sequencing of seven batches of vOka vaccine (including ZostaVax, VariVax, VarilRix and the Oka/Biken working seed) from three different manufacturers (VariVax, GSK and Biken) that  137 SNP mutations are present in all vaccine batches. This includes six sites at which the vaccine allele is fixed or near-fixation which we speculate are likely to be important for attenuation. We additionally show that despite differences in the vaccine populations between preparations, batch to batch variation is minimal, as is the number and frequency of mutations unique to individual batches.  This suggests that the vaccine manufacturing processes are not introducing new mutations and notwithstanding the mixture of variants present, VZV live vaccines are extremely stable."	"PMC:5021409"	"ERS1229467"	"Targeted-Capture"	"UNIVERSITY COLLEGE LONDON"	"ERX1583413"	"SAMEA4058357"	"Human alphaherpesvirus 3"	"-0.13466"	"51.52462"	"INSDC center name"	""	""	""	""	""	""	""	""	""	"33"	"64097"	"2394"	"2320145"	"36"	"434338"	"745"	"17009360"	"Illumina MiSeq"	"PAIRED"	"other"	"GENOMIC"	"VVAG"	"ILLUMINA"	"ERP016293"	"2016-07-12T00:00:00"	"151"	"298"	"214"	""	""	"12"	"1"	"1"	"1"	"1"
"SRR11219118"	"1"	"PRJNA609403"	"SAMN14252034"	"The Value of High-throughput Sequencing in the Diagnosis of Infectious Diseases of the Central Nervous System"	"Metagenomic Next-Generation Sequencing for Diagnosis of Infectious Encephalitis and Meningitis"	""	"SRS6241777"	"WGS"	"CHINESE PLA GENERAL HOSPITAL"	"SRX7831232"	"17S0837094"	"human metagenome"	"116.109"	"39.54"	"lat_lon"	"{""geo_loc_name"":[116.38765,39.90657],""geo_loc_name_sam"":[116.38765,39.90657],""geo_loc_name_country_calc"":[116.38765,39.90657]}"	"host_disease"	"meningitis"	"meningitis"	"DOID_9471"	""	""	""	""	"219"	"2683"	"6133"	"256549"	"38"	"62570"	"461"	"2611159"	"Ion Torrent Proton"	"SINGLE"	"RANDOM"	"METAGENOMIC"	"17S0837094"	"ION_TORRENT"	"SRP251386"	"2020-03-03T00:00:00"	"43"	"62"	"55"	"Metagenome or environmental"	"2017-09-07"	"1"	"1"	"1"	"1"	"1"
"SRR23024396"	"1"	"PRJNA921818"	"SAMN32634552"	"Genome-wide comparison of varicella-zoster virus vaccines"	"In this study, a high throughput sequencing technology was utilized to obtain deep coverage for VZV genome in four commercial vaccines. Genetic variants in the vaccines were identified and compared to the reference genomes of Dumas, pOka, vOka, and MAV/06, allowing the tracing of origin of the variants."	""	"SRS16401486"	"WGS"	"AJOU UNIVERSITY"	"SRX18979888"	"GSK_rep1"	"Human alphaherpesvirus 3"	"126.99989"	"37.55886"	"geo_loc_name"	"{""geo_loc_name_sam"": [126.99989, 37.55886], ""geo_loc_name_country_calc"": [""126.99989"", ""37.55886""]}"	""	""	""	""	""	""	""	""	"178"	"6293761"	"4150"	"789002360"	"91"	"28166295"	"1997"	"1859142864"	"Illumina NovaSeq 6000"	"PAIRED"	"PCR"	"GENOMIC"	"GSK_rep1"	"ILLUMINA"	"SRP416618"	"2023-02-09T00:00:00"	"2467"	"302"	"7213"	"Viral"	"2022-08-01"	"11"	"1"	"1"	"1"	"1"
"SRR23024393"	"1"	"PRJNA921818"	"SAMN32634555"	"Genome-wide comparison of varicella-zoster virus vaccines"	"In this study, a high throughput sequencing technology was utilized to obtain deep coverage for VZV genome in four commercial vaccines. Genetic variants in the vaccines were identified and compared to the reference genomes of Dumas, pOka, vOka, and MAV/06, allowing the tracing of origin of the variants."	""	"SRS16401489"	"WGS"	"AJOU UNIVERSITY"	"SRX18979891"	"MSD_rep1"	"Human alphaherpesvirus 3"	"126.99989"	"37.55886"	"geo_loc_name_sam"	"{""geo_loc_name_country_calc"": [126.99989, 37.55886], ""geo_loc_name"": [""126.99989"", ""37.55886""]}"	""	""	""	""	""	""	""	""	"176"	"6559122"	"5469"	"821944520"	"95"	"28263118"	"1939"	"1884251201"	"Illumina NovaSeq 6000"	"PAIRED"	"PCR"	"GENOMIC"	"MSD_rep1"	"ILLUMINA"	"SRP416618"	"2023-02-09T00:00:00"	"2374"	"302"	"6989"	"Viral"	"2022-08-01"	"11"	"1"	"1"	"1"	"1"
"SRR23244937"	"1"	"PRJNA928395"	"SAMN32930957"	"Gene expression based molecular test as diagnostic aid for the differential diagnosis of psoriasis and eczema in formalin fixed and paraffin embedded tissue, microbiopsies and tape strips"	"Development of a real-time PCR based molecular classifier to distinguish psoriasis from eczema in FFPE-fixed skin samples and evaluation of the use of minimally invasive microbiopsies and tape strips for molecular diagnosis.Overall design: Performing gene expression analysis using data obtained from RNA-seq of macrobiopsies and microbiopsies of eczema and psoriasis patients"	"PubMed:36889660"	"SRS16601520"	"RNA-Seq"	"ZAUM – CENTER OF ALLERGY AND ENVIRONMENT, TECHNICAL UNIVERSITY OF MUNICH AND HELMHOLTZ CENTER MUNICH"	"SRX19190955"	"GSM6996028"	"Homo sapiens"	""	""	""	""	"condition"	"psoriasis"	"psoriasis"	"DOID_8893"	""	""	""	""	"220"	"648695"	"7783"	"97291805"	"117"	"3832370"	"1937"	"298852263"	"Illumina HiSeq 4000"	"PAIRED"	"cDNA"	"TRANSCRIPTOMIC"	"GSM6996028"	"ILLUMINA"	"SRP419280"	"2023-03-01T00:00:00"	"590"	"271"	"1425"	""	""	"0"	""	""	""	""
"SRR4019615"	"1"	"PRJNA338650"	"SAMN05560332"	"Cell responses to dysregulated VZV-induced cell-cell fusion"	"The highly conserved herpesvirus glycoprotein complex, gB/gH-gL, mediates membrane fusion during virion entry and cell-cell fusion.  Varicella-zoster virus (VZV) characteristically forms multi-nucleated cells, or syncytia, during the infection of human tissues but little is known about this process.  The cytoplasmic domain of VZV gB (gBcyt) has been implicated in cell-cell fusion regulation because a gB[Y881F] substitution causes hyperfusion.  The gBcyt regulation is necessary for VZV pathogenesis as the hyperfusogenic mutant gB[Y881F] is severely attenuated in human skin xenografts.  In this study, gBcyt regulated fusion was investigated by comparing melanoma cells infected with wild type-like VZV or hyperfusogenic mutants.  The gB[Y881F] mutant exhibited dramatically accelerated syncytia formation in melanoma cells caused by fusion of infected cells with many uninfected cells, increased cytoskeleton reorganization and rapid displacement of nuclei to dense central structures when compared to pOka using live cell confocal microscopy.  VZV and human transcriptomes were concurrently investigated using RNA-seq to identify viral and cellular responses induced when the gBcyt regulation was disrupted by the gB[Y881F] substitution.  The expression of four vital VZV genes, ORF61 and glycoproteins, gC, gE and gI, was significantly reduced at 36 hours post infection for the hyperfusogenic mutants.  Importantly, hierarchical clustering demonstrated an association of differential gene expression with dysregulated gBcyt-mediated fusion.  A subset of Ras GTPase genes linked to membrane remodeling were upregulated in cells infected with the hyperfusogenic mutants.  These data implicate the gBcyt in the regulation gB fusion function that, if unmodulated, triggers cellular processes leading to hyperfusion that attenuates VZV infection.Overall design: Biological duplicates from 3 time points (12, 24 and 36 hours post infection) of uninfected MeWo cells or MeWo cells infected with varicella-zoster virus strain pOka or mutants gB[Y881F], gB[Y920F] or gB[Y881/920F]"	"PubMed:27795423"	"SRS1610261"	"RNA-Seq"	"GEO"	"SRX2013136"	"GSM2267749"	"Homo sapiens"	""	""	""	""	""	""	""	""	""	""	""	""	"526"	"39834"	"6719"	"12212650"	"54"	"924372"	"2026"	"53475056"	"Illumina HiSeq 2000"	"SINGLE"	"cDNA"	"TRANSCRIPTOMIC"	""	"ILLUMINA"	"SRP081284"	"2017-03-01T00:00:00"	"486"	"51"	"765"	""	""	"0"	""	""	""	""
"ERR3966188"	"1"	"PRJEB36978"	"SAMEA6598974"	"Expression of varicella-zoster virus VLT-ORF63 fusion transcript induces broad viral gene expression during reactivation from neuronal latency"	"Varicella-zoster virus (VZV) establishes lifelong neuronal latency in most humans world-wide, reactivating in one-third to cause herpes zoster and occasionally chronic pain. How VZV establishes, maintains and reactivates from latency is largely unknown. Latent VZV gene expression is restricted to VZV latency-associated transcript (VLT) and open reading frame 63 (ORF63) in human naturally VZV-infected human trigeminal ganglia (TG). Notably, these transcript levels positively correlated suggesting co-regulated transcription during latency. Here, we used direct RNA-sequencing to identify fusion transcripts that combine VLT and ORF63 loci (VLT-ORF63) and are expressed during both lytic and latent VZV infections. Furthermore, real-time PCR, RNA in situ hybridization and 5’ rapid amplification of cDNA ends (RACE) all confirmed VLT-ORF63, but not canonical ORF63, expression in human TG. During lytic infection, VLT-ORF63 encodes multiple proteins, including VLT protein (pVLT) and the novel fusion protein combining VLT and ORF63 proteins (pVLT-ORF63). In vitro, VLT is transcribed in latently VZV-infected human sensory neurons, whereas VLT-ORF63 expression is induced by reactivation stimuli. Moreover, the pVLT-ORF63-encoding VLT-ORF63 isoform induced transcription of lytic VZV genes. Collectively, our findings show that VZV expresses a unique set of VLT-ORF63 transcripts, which could function to regulate the transition from latent to lytic VZV infection."	""	"ERS4363248"	"OTHER"	"NEW YORK UNIVERSITY SCHOOL OF MEDICINE"	"ERX3969531"	"SAMEA6598974"	"Human alphaherpesvirus 3"	"-73.9743"	"40.7423"	"INSDC center name"	""	""	""	""	""	""	""	""	""	"32"	"513853"	"703"	"17906921"	"32"	"5105897"	"249"	"172691796"	"MinION"	"SINGLE"	"unspecified"	"TRANSCRIPTOMIC"	"unspecified"	"OXFORD_NANOPORE"	"ERP120253"	"2020-10-24T00:00:00"	"413"	"412"	"468"	""	""	"22"	"0.98"	"1"	"0.66"	"1"
"ERR832446"	"1"	"PRJEB9772"	"SAMEA3311943"	"vzv latency"	"vzv latency"	""	"ERS688064"	"RNA-Seq"	"BAR ILAN"	"ERX912520"	"SAMEA3311943"	"Human alphaherpesvirus 3"	"34.84447"	"32.06939"	"INSDC center name"	""	""	""	""	""	""	""	""	""	"283"	"94991"	"3787"	"17250968"	"48"	"4165820"	"614"	"191892238"	"Illumina HiSeq 2500"	"SINGLE"	"unspecified"	"TRANSCRIPTOMIC"	"unspecified"	"ILLUMINA"	"ERP010915"	"2016-05-06T00:00:00"	"1469"	"51"	"2295"	""	""	"2"	"1"	"1"	"1"	"1"
"ERR1512384"	"1"	"PRJEB14639"	"SAMEA4058355"	"Deep-sequencing of distinct preparations of the live-attenuated VZV vaccine reveals a conserved core of attenuating SNPs"	"The continued success of the live-attenuated varicella zoster virus vaccine in preventing varicella and herpes zoster is well documented, as are many of the mutations that contribute to the attenuation of the vOka virus for replication in skin. At least three different preparations of vOKa are marketed. Here, we show using deep sequencing of seven batches of vOka vaccine (including ZostaVax, VariVax, VarilRix and the Oka/Biken working seed) from three different manufacturers (VariVax, GSK and Biken) that  137 SNP mutations are present in all vaccine batches. This includes six sites at which the vaccine allele is fixed or near-fixation which we speculate are likely to be important for attenuation. We additionally show that despite differences in the vaccine populations between preparations, batch to batch variation is minimal, as is the number and frequency of mutations unique to individual batches.  This suggests that the vaccine manufacturing processes are not introducing new mutations and notwithstanding the mixture of variants present, VZV live vaccines are extremely stable."	"PMC:5021409"	"ERS1229465"	"Targeted-Capture"	"UNIVERSITY COLLEGE LONDON"	"ERX1583411"	"SAMEA4058355"	"Human alphaherpesvirus 3"	"-0.13466"	"51.52462"	"INSDC center name"	""	""	""	""	""	""	""	""	""	"34"	"258690"	"1769"	"10054233"	"36"	"1303873"	"441"	"49130303"	"Illumina MiSeq"	"PAIRED"	"other"	"GENOMIC"	"VV10"	"ILLUMINA"	"ERP016293"	"2016-07-12T00:00:00"	"247"	"502"	"443"	""	""	"12"	"1"	"1"	"1"	"1"
"SRR23244938"	"1"	"PRJNA928395"	"SAMN32930957"	"Gene expression based molecular test as diagnostic aid for the differential diagnosis of psoriasis and eczema in formalin fixed and paraffin embedded tissue, microbiopsies and tape strips"	"Development of a real-time PCR based molecular classifier to distinguish psoriasis from eczema in FFPE-fixed skin samples and evaluation of the use of minimally invasive microbiopsies and tape strips for molecular diagnosis.Overall design: Performing gene expression analysis using data obtained from RNA-seq of macrobiopsies and microbiopsies of eczema and psoriasis patients"	"PubMed:36889660"	"SRS16601520"	"RNA-Seq"	"ZAUM – CENTER OF ALLERGY AND ENVIRONMENT, TECHNICAL UNIVERSITY OF MUNICH AND HELMHOLTZ CENTER MUNICH"	"SRX19190955"	"GSM6996028"	"Homo sapiens"	""	""	""	""	"condition"	"psoriasis"	"psoriasis"	"DOID_8893"	""	""	""	""	"213"	"784439"	"7160"	"103037095"	"119"	"3778904"	"2163"	"299209205"	"Illumina HiSeq 4000"	"PAIRED"	"cDNA"	"TRANSCRIPTOMIC"	"GSM6996028"	"ILLUMINA"	"SRP419280"	"2023-03-01T00:00:00"	"541"	"271"	"1397"	""	""	"0"	""	""	""	""
"ERR244066"	"1"	"PRJEB2768"	"SAMEA1709567"	"Herpesvirus_whole_genome_sequencing"	"Very little is known about genome diversity of herpesviruses and there are currently very few genome sequences in Genbank. Whole genome sequencing of large DNA viruses is complicated by the difficulty in separating virus DNA from human DNA. In this project we will address this issue by using Agilent SureSelect technology and Illumina deep sequencing to sequence several members of the herpesvirus family, including Epstein Barr virus (EBV, HHV4), Kaposi’s sarcoma associated herpesvirus (KSHV, HHV8) and varicella zoster virus (VZV, HHV3). We have designed custom baits to the available reference sequences and will use these to pull out virus sequence from host DNA and then Illumina sequence the captured virus DNA. The short read data will be assembled into a genome consensus sequence for each virus and importantly, allow analysis of virus minority species, which may be important for pathogenesis.  We will use a range of samples including DNA from cell lines latently infected with either EBV or KSHV or both viruses. These data will enable an initial estimation of genome diversity and highlight differences at the genetic level between EBV and KSHV from different cell lines. Further studies will generate herpesvirus genome sequences from clinical samples, including varicella, Kaposi’s sarcoma and nasopharyngeal carcinoma to investigate virus genetic diversity and pathogenic determinants.  http://www.sanger.ac.uk/resources/downloads/viruses/herpesviridae-lymphocryptovirus  http://www.sanger.ac.uk/resources/downloads/viruses/herpesviridae-rhadinovirus  http://www.sanger.ac.uk/resources/downloads/viruses/herpesviridae-simplexvirus"	"PMC:11943181,8235469"	"ERS074895"	"WGS"	"SC"	"ERX218600"	"SAMEA1709567"	"human gammaherpesvirus 4"	"-81.04537"	"33.99882"	"INSDC center name"	""	""	""	""	""	""	""	""	""	"153"	"16603"	"2723"	"1404813"	"56"	"235883"	"816"	"12178340"	"Illumina HiSeq 2000"	"PAIRED"	"RANDOM"	"GENOMIC"	"2754511"	"ILLUMINA"	"ERP001026"	"2013-03-23T00:00:00"	"84"	"200"	"138"	""	""	"37"	"0.98"	"1"	"0.6"	"1"
"ERR6150243"	"1"	"PRJEB45678"	"SAMEA8946463"	"A Variant allele in Varicella-Zoster Virus Glycoprotein B, Selected during Production of the Varicella Vaccine, Contributes to its Attenuation"	"Attenuation of the live varicella Oka vaccine (vOka) has been attributed to mutations in the genome acquired during cell culture passage of pOka (parent strain); however, the precise mechanisms of attenuation remain unknown. Comparative sequence analyses of several vaccine batches showed that over 100 single-nucleotide polymorphisms (SNPs) are conserved across all vaccine batches; six SNPs are fixed or nearly fixed, suggesting that these SNPs are responsible for attenuation. By contrast, prior analysis of chimeric vOka and pOka recombinants indicates that loci other than these six SNPs contribute to attenuation. Here, we report that pOka consists of a heterogenous population of virus sequences with two nearly equally represented bases, G or A, at nucleotide 2096 of ORF31 which encodes glycoprotein B (gB) resulting in arginine (R) or glutamine (Q), respectively, at amino acid 699 of gB. While 2096A/699Q is dominant in vOka (99.99 to 100%). gB699Q/gH/gL showed significantly less fusion activity than gB699R/gH/gL in a cell-based fusion assay. Recombinant pOka with gB-669Q (rpOka-gB699Q) had a similar growth phenotype as vOka during lytic infection in cell culture; however, rpOka-gB699R showed a growth phenotype similar to pOka. rpOka-gB699R entered neurons from axonal terminals more efficiently than rpOka-gB699Q in the presence of cell membrane-derived vesicles containing gB. Strikingly, when a mixture of pOka with both alleles equally represented was used to infect human neurons from axon terminals, pOka with gB699R was dominant for virus entry. These results identify a variant allele in gB that contributes to attenuation of vOka."	"PMC:9426484"	"ERS6629237"	"WGS"	"NEW YORK UNIVERSITY SCHOOL OF MEDICINE"	"ERX5787067"	"SAMEA8946463"	"Human alphaherpesvirus 3"	"-73.9743"	"40.7423"	"INSDC center name"	""	""	""	""	""	""	""	""	""	"186"	"197877"	"2700"	"24428949"	"59"	"1840802"	"873"	"99506227"	"NextSeq 550"	"PAIRED"	"RANDOM"	"GENOMIC"	"vOka_input"	"ILLUMINA"	"ERP129818"	"2021-10-04T00:00:00"	"1181"	"361"	"2044"	""	""	"22"	"0.98"	"1"	"0.66"	"1"
"SRR10017917"	"1"	"PRJNA561812"	"SAMN12628646"	"Kallikrein-mediated cytokeratin 10 degradation is required for VZV propagation in skin"	"Varicella Zoster Virus (VZV) is a skin-tropic virus that infects epidermal keratinocytes and causes chickenpox. Although common, VZV infection can be life-threatening particularly in the immunocompromised. Therefore, understanding VZV-keratinocyte interactions is important to find new treatments beyond vaccination and anti-viral drugs. In VZV- infected skin, Kallikrein 6 (KLK6), and the ubiquitin-ligase MDM2 are up-regulated concomitant with Keratin 10 (K10) down-regulation. MDM2 binds to K10 targeting it for degradation via the ubiquitin-proteasome pathway. Preventing K10 degradation reduced VZV propagation in culture and prevented epidermal disruption in skin explants. K10 knockdown induced expression of the nuclear receptor subfamily 4, group A, member 1 (NR4A1) and enhanced viral propagation in culture. NR4A1 knockdown prevented viral propagation in culture, reduced LC3 levels and increased LAMP2 expression. We therefore describe a novel drug-able pathway whereby MDM2 ubiquitinates and degrades K10 increasing NR4A1 expression allowing VZV replication and propagation."	""	"SRS5304777"	"RNA-Seq"	"UCL"	"SRX6755695"	"MeWo"	"Homo sapiens"	""	""	""	""	""	""	""	""	"skin"	"tissue"	"skin"	"BTO_0001253"	"287"	"76248"	"3884"	"11454088"	"41"	"4465527"	"709"	"185762771"	"NextSeq 550"	"PAIRED"	"Oligo-dT"	"TRANSCRIPTOMIC"	"pOka-V24-3"	"ILLUMINA"	"SRP219194"	"2019-08-26T00:00:00"	"1187"	"81"	"2922"	"Human"	""	"0"	""	""	""	""
"SRR15912271"	"1"	"PRJNA763785"	"SAMN21449414"	"Heterochromatin rewiring and domain disruption-mediated chromatin compaction during erythropoiesis"	"Erythropoiesis in mammalian involves chromatin compaction which is initiated in the early stage of terminal differentiation. The proper condensation of chromatin is essential for the subsequent enucleation of erythroblast, but the characteristics of chromatin compaction and chromatin architecture changes in erythropoiesis are poorly understood. Here, we show that the formation of H3K9me3 long-range interactions which mediated heterochromatin three-dimensional rewiring participant in human erythroid chromatin condensation. TADs structure attenuated and boundary strength weakened globally but selectively maintaining in active chromatin region during terminal erythropoiesis. We demonstrate that the erythroid master regulators GATA1 safeguard the active chromatin structure and ensure the appropriate gene expression, under the chromatin condensation of human terminal erythropoiesisOverall design: Hi-C was performed on human Pro-, Ortho-erythroblast, KO-GATA1 and KO-control samples, and each sample has 2 replicates. The KO-KLF1 sample only has one replicate."	"PubMed:36914797"	"SRS10179328"	"Hi-C"	"GEO"	"SRX12202685"	"GSM5582264"	"Homo sapiens"	""	""	""	""	""	""	""	""	""	""	""	""	""	""	""	""	"33"	"1545630597"	"3931"	"55785316930"	"HiSeq X Ten"	"PAIRED"	"other"	"GENOMIC"	""	"ILLUMINA"	"SRP337374"	"2023-07-31T00:00:00"	"117418"	"300"	"374435"	""	""	"0"	""	""	""	""
"ERR244037"	"1"	"PRJEB2768"	"SAMEA1709576"	"Herpesvirus_whole_genome_sequencing"	"Very little is known about genome diversity of herpesviruses and there are currently very few genome sequences in Genbank. Whole genome sequencing of large DNA viruses is complicated by the difficulty in separating virus DNA from human DNA. In this project we will address this issue by using Agilent SureSelect technology and Illumina deep sequencing to sequence several members of the herpesvirus family, including Epstein Barr virus (EBV, HHV4), Kaposi’s sarcoma associated herpesvirus (KSHV, HHV8) and varicella zoster virus (VZV, HHV3). We have designed custom baits to the available reference sequences and will use these to pull out virus sequence from host DNA and then Illumina sequence the captured virus DNA. The short read data will be assembled into a genome consensus sequence for each virus and importantly, allow analysis of virus minority species, which may be important for pathogenesis.  We will use a range of samples including DNA from cell lines latently infected with either EBV or KSHV or both viruses. These data will enable an initial estimation of genome diversity and highlight differences at the genetic level between EBV and KSHV from different cell lines. Further studies will generate herpesvirus genome sequences from clinical samples, including varicella, Kaposi’s sarcoma and nasopharyngeal carcinoma to investigate virus genetic diversity and pathogenic determinants.  http://www.sanger.ac.uk/resources/downloads/viruses/herpesviridae-lymphocryptovirus  http://www.sanger.ac.uk/resources/downloads/viruses/herpesviridae-rhadinovirus  http://www.sanger.ac.uk/resources/downloads/viruses/herpesviridae-simplexvirus"	"PMC:11943181,8235469"	"ERS074859"	"WGS"	"SC"	"ERX218571"	"SAMEA1709576"	"human gammaherpesvirus 4"	"-81.04537"	"33.99882"	"INSDC center name"	""	""	""	""	""	""	""	""	""	"164"	"6916"	"5206"	"703525"	"39"	"221030"	"566"	"9452141"	"Illumina HiSeq 2000"	"PAIRED"	"RANDOM"	"GENOMIC"	"2674235"	"ILLUMINA"	"ERP001026"	"2013-03-23T00:00:00"	"114"	"200"	"166"	""	""	"37"	"0.98"	"1"	"0.6"	"1"
"SRR11538120"	"1"	"PRJNA612277"	"SAMN14590818"	"FMRP-Mediated Gene Regulation in Human Brain Development"	"Fragile X syndrome (FXS) is the most common inherited form of intellectual disability and a leading genetic cause of autism. FXS is caused by the loss of functional fragile X mental retardation protein (FMRP). FMRP is an RNA-binding protein forming a messenger ribonucleoprotein complex with polyribosomes in the regulation of protein synthesis at synapses. Three-dimensional (3D) aggregate culture of human-induced pluripotent stem cells (iPSCs) has evolved from embryoid body cultures, quite faithfully following human organogenesis, and provides a new platform to investigate human brain development in a dish, otherwise inaccessible to experimentation. To determine whether the loss of FMRP could alter the development of human brain organoids, we have generated forebrain organoids from three FXS male patients and three healthy male controls. We observed reduced proliferation of neural progenitor cells and premature neural differentiation as well as perturbed cell cycle progression in FXS forebrain organoids. There is also a deficit in the production of GABAergic neurons as well as an altered balance between the number of excitatory and inhibitory neurons in FXS organoids. Interestingly these deficits were not observed with FXS mouse model. To compare the differential gene expression caused by the loss of FMRP between human and mouse, we then performed RNA-seq to identify the differentially expressed genes using both mouse embryonic brain cortex and human forebrain organoids at the comparable developmental stages. We detected very few genes differentially expressed in the absence of Fmrp in mouse. However, we identified 200 genes downregulated and 126 genes up-regulated in human FXS organoids, indicating human-specific impact caused by the loss of FMRP. Our bulk RNA-seq analyses revealed a more pervasive gene expression alteration in human organoids.  Thus, it is plausible to speculate that there could be important human-specific genes that might be related with FXS pathogenesis. To test this idea, we used human forebrain organoids and the mouse embryonic brains in parallel to perform enhanced crosslinking and FMRP immunoprecipitation followed by high-throughput sequencing and bioinformatics analysis (CLIP-seq). Our analyses identified more than 3,700 mRNA bound by FMRP in human organoids. Of the 3,700 mRNAs, ~1,600 overlapped with mouse mRNAs. Further, ~80% of the identified mouse mRNA species overlap with previously published results in mouse. To better understand the developmental, cellular and molecular changes and to gain insight beyond bulk gene expression analysis in forebrain organoids from FXS patients compared to control, we next performed single cell RNA-seq (scRNA-seq) to characterize distinct cell populations, specific cell types and cell states. We found that the population of specific neuron type were changed upon the loss of FMRP. Next, investigated if there were developmental differences in the transitioning from the early, primitive state to one of the more committed end states between control and FXS organoids, with many cells distributed along a “trajectory” between them. we found several bifurcation points of FXS cells from the general trajectory, and the cells of these subpopulations with altered neuronal states are strongly enriched for FXS. These results together suggest that the loss of FMRP could cause neurodevelopmental deficits specifically in human, and fragile X organoids could provide a unique platform to study the molecular pathogenesis of FXS and identify human-specific druggable targets for FXS and autism in general. Overall design: RNA-seq of human organoids, human fetal brain and mouse fetal brain (control and FXS), eCLIP-seq of human organoids and mouse fetal brain (control and FXS), single-cell RNA-seq of human organoids (control and FXS)."	"PubMed:34413513"	"SRS6474128"	"RNA-Seq"	"GEO"	"SRX8109042"	"GSM4473294"	"Homo sapiens"	""	""	""	""	""	""	""	""	""	""	""	""	"257"	"1559465"	"6083"	"160324913"	"53"	"9120901"	"3922"	"486741555"	"Illumina HiSeq 2000"	"PAIRED"	"cDNA"	"TRANSCRIPTOMIC"	""	"ILLUMINA"	"SRP252572"	"2021-06-20T00:00:00"	"2746"	"300"	"6607"	""	""	"0"	""	""	""	""
"SRR14708957"	"1"	"PRJNA723166"	"SAMN18835368"	"Mariana Trench Sediment Metagenome"	"To investigate the full community structure in the sediment biosphere of the Challenger Deep (10840 meters), Mariana Trench"	""	"SRS9112990"	"WGS"	"INSTITUTE OF PLANT PHYSIOLOGY AND ECOLOGY"	"SRX11046956"	"MT19_sedimet"	"marine sediment metagenome"	"142.36301"	"11.43082"	"lat_lon"	"{""geo_loc_name_sam"":[42.41625,18.22198],""geo_loc_name"":[42.41625,18.22198]}"	""	""	""	""	""	""	""	""	"228"	"25802491"	"35958"	"3366040723"	"65"	"166109974"	"11687"	"10577972286"	"HiSeq X Ten"	"PAIRED"	"RANDOM PCR"	"METAGENOMIC"	"MT_19-2_4_6"	"ILLUMINA"	"SRP322236"	"2021-06-02T00:00:00"	"23143"	"271"	"55219"	"Metagenome or environmental"	"2016-12-01"	"1"	"1"	"1"	"1"	"1"
"SRR4098577"	"1"	"PRJNA324581"	"SAMN05713721"	"Clinical sequencing Metagenome Metagenomic assembly"	"Metagenomic sequencing of samplings from clinical infections. Sample types include stool, nasopharynx, skin, etc."	""	"SRS1658277"	"OTHER"	"THE GENOME INSTITUTE AT WASHINGTON UNIVERSITY SCHOOL OF MEDICINE"	"SRX2067114"	"H_LA-CC19.4-1"	"viral metagenome"	"-90.19956"	"38.62775"	"geo_loc_name"	"{""geo_loc_name_sam"": [-90.19956, 38.62775], ""geo_loc_name_country_calc"": [""-77.03196"", ""38.89036""]}"	""	""	""	""	""	""	""	""	"35"	"50067"	"2727"	"1977673"	"46"	"1745125"	"1194"	"71249402"	"Illumina HiSeq 2500"	"PAIRED"	"Hybrid Selection"	"METAGENOMIC"	"H_LA-CC19.4-1"	"ILLUMINA"	"SRP083744"	"2017-09-01T00:00:00"	"394"	"247"	"1201"	"Metagenome or environmental"	""	"7"	"0.87"	"1"	"0.53"	"1"
"ERR244063"	"1"	"PRJEB2768"	"SAMEA1709545"	"Herpesvirus_whole_genome_sequencing"	"Very little is known about genome diversity of herpesviruses and there are currently very few genome sequences in Genbank. Whole genome sequencing of large DNA viruses is complicated by the difficulty in separating virus DNA from human DNA. In this project we will address this issue by using Agilent SureSelect technology and Illumina deep sequencing to sequence several members of the herpesvirus family, including Epstein Barr virus (EBV, HHV4), Kaposi’s sarcoma associated herpesvirus (KSHV, HHV8) and varicella zoster virus (VZV, HHV3). We have designed custom baits to the available reference sequences and will use these to pull out virus sequence from host DNA and then Illumina sequence the captured virus DNA. The short read data will be assembled into a genome consensus sequence for each virus and importantly, allow analysis of virus minority species, which may be important for pathogenesis.  We will use a range of samples including DNA from cell lines latently infected with either EBV or KSHV or both viruses. These data will enable an initial estimation of genome diversity and highlight differences at the genetic level between EBV and KSHV from different cell lines. Further studies will generate herpesvirus genome sequences from clinical samples, including varicella, Kaposi’s sarcoma and nasopharyngeal carcinoma to investigate virus genetic diversity and pathogenic determinants.  http://www.sanger.ac.uk/resources/downloads/viruses/herpesviridae-lymphocryptovirus  http://www.sanger.ac.uk/resources/downloads/viruses/herpesviridae-rhadinovirus  http://www.sanger.ac.uk/resources/downloads/viruses/herpesviridae-simplexvirus"	"PMC:11943181,8235469"	"ERS074892"	"WGS"	"SC"	"ERX218597"	"SAMEA1709545"	"Human alphaherpesvirus 3"	"-81.04537"	"33.99882"	"INSDC center name"	""	""	""	""	""	""	""	""	""	"37"	"56926"	"2323"	"2471503"	"36"	"1478393"	"555"	"58501223"	"Illumina HiSeq 2000"	"PAIRED"	"RANDOM"	"GENOMIC"	"2754508"	"ILLUMINA"	"ERP001026"	"2013-06-13T00:00:00"	"1805"	"200"	"3489"	""	""	"37"	"0.98"	"1"	"0.6"	"1"
"SRR157489"	"1"	""	"SAMN00254014"	""	""	""	"SRS183283"	"WGS"	"UCL"	"SRX052991"	"VZV CSF sample #1"	"Human herpesvirus 3"	""	""	""	""	""	""	""	""	""	""	""	""	"34"	"21594"	"1853"	"862954"	"34"	"803069"	"313"	"29194158"	"Illumina Genome Analyzer IIx"	"PAIRED"	"Hybrid Selection"	"GENOMIC"	"CSF 1"	"ILLUMINA"	"SRP006178"	"2012-01-18T00:00:00"	"1493"	"108"	"2917"	""	""	"0"	""	""	""	""
"SRR23024394"	"1"	"PRJNA921818"	"SAMN32634554"	"Genome-wide comparison of varicella-zoster virus vaccines"	"In this study, a high throughput sequencing technology was utilized to obtain deep coverage for VZV genome in four commercial vaccines. Genetic variants in the vaccines were identified and compared to the reference genomes of Dumas, pOka, vOka, and MAV/06, allowing the tracing of origin of the variants."	""	"SRS16401488"	"WGS"	"AJOU UNIVERSITY"	"SRX18979890"	"GSK_rep3"	"Human alphaherpesvirus 3"	"126.99989"	"37.55886"	"geo_loc_name_sam"	"{""geo_loc_name_country_calc"": [126.99989, 37.55886], ""geo_loc_name"": [""126.99989"", ""37.55886""]}"	""	""	""	""	""	""	""	""	"179"	"6161987"	"7611"	"793614029"	"97"	"26688446"	"2137"	"1794459866"	"Illumina NovaSeq 6000"	"PAIRED"	"PCR"	"GENOMIC"	"GSK_rep3"	"ILLUMINA"	"SRP416618"	"2023-02-09T00:00:00"	"2255"	"302"	"6963"	"Viral"	"2022-08-01"	"11"	"1"	"1"	"1"	"1"
"ERR244073"	"1"	"PRJEB2768"	"SAMEA1709577"	"Herpesvirus_whole_genome_sequencing"	"Very little is known about genome diversity of herpesviruses and there are currently very few genome sequences in Genbank. Whole genome sequencing of large DNA viruses is complicated by the difficulty in separating virus DNA from human DNA. In this project we will address this issue by using Agilent SureSelect technology and Illumina deep sequencing to sequence several members of the herpesvirus family, including Epstein Barr virus (EBV, HHV4), Kaposi’s sarcoma associated herpesvirus (KSHV, HHV8) and varicella zoster virus (VZV, HHV3). We have designed custom baits to the available reference sequences and will use these to pull out virus sequence from host DNA and then Illumina sequence the captured virus DNA. The short read data will be assembled into a genome consensus sequence for each virus and importantly, allow analysis of virus minority species, which may be important for pathogenesis.  We will use a range of samples including DNA from cell lines latently infected with either EBV or KSHV or both viruses. These data will enable an initial estimation of genome diversity and highlight differences at the genetic level between EBV and KSHV from different cell lines. Further studies will generate herpesvirus genome sequences from clinical samples, including varicella, Kaposi’s sarcoma and nasopharyngeal carcinoma to investigate virus genetic diversity and pathogenic determinants.  http://www.sanger.ac.uk/resources/downloads/viruses/herpesviridae-lymphocryptovirus  http://www.sanger.ac.uk/resources/downloads/viruses/herpesviridae-rhadinovirus  http://www.sanger.ac.uk/resources/downloads/viruses/herpesviridae-simplexvirus"	"PMC:11943181,8235469"	"ERS074869"	"WGS"	"SC"	"ERX218607"	"SAMEA1709577"	"Human alphaherpesvirus 3"	"-81.04537"	"33.99882"	"INSDC center name"	""	""	""	""	""	""	""	""	""	"44"	"7839"	"3055"	"424090"	"36"	"201193"	"959"	"7699067"	"Illumina HiSeq 2000"	"PAIRED"	"RANDOM"	"GENOMIC"	"2674245"	"ILLUMINA"	"ERP001026"	"2013-06-13T00:00:00"	"227"	"200"	"374"	""	""	"37"	"0.98"	"1"	"0.6"	"1"
"ERR6150245"	"1"	"PRJEB45678"	"SAMEA8946463"	"A Variant allele in Varicella-Zoster Virus Glycoprotein B, Selected during Production of the Varicella Vaccine, Contributes to its Attenuation"	"Attenuation of the live varicella Oka vaccine (vOka) has been attributed to mutations in the genome acquired during cell culture passage of pOka (parent strain); however, the precise mechanisms of attenuation remain unknown. Comparative sequence analyses of several vaccine batches showed that over 100 single-nucleotide polymorphisms (SNPs) are conserved across all vaccine batches; six SNPs are fixed or nearly fixed, suggesting that these SNPs are responsible for attenuation. By contrast, prior analysis of chimeric vOka and pOka recombinants indicates that loci other than these six SNPs contribute to attenuation. Here, we report that pOka consists of a heterogenous population of virus sequences with two nearly equally represented bases, G or A, at nucleotide 2096 of ORF31 which encodes glycoprotein B (gB) resulting in arginine (R) or glutamine (Q), respectively, at amino acid 699 of gB. While 2096A/699Q is dominant in vOka (99.99 to 100%). gB699Q/gH/gL showed significantly less fusion activity than gB699R/gH/gL in a cell-based fusion assay. Recombinant pOka with gB-669Q (rpOka-gB699Q) had a similar growth phenotype as vOka during lytic infection in cell culture; however, rpOka-gB699R showed a growth phenotype similar to pOka. rpOka-gB699R entered neurons from axonal terminals more efficiently than rpOka-gB699Q in the presence of cell membrane-derived vesicles containing gB. Strikingly, when a mixture of pOka with both alleles equally represented was used to infect human neurons from axon terminals, pOka with gB699R was dominant for virus entry. These results identify a variant allele in gB that contributes to attenuation of vOka."	"PMC:9426484"	"ERS6629237"	"WGS"	"NEW YORK UNIVERSITY SCHOOL OF MEDICINE"	"ERX5787069"	"SAMEA8946463"	"Human alphaherpesvirus 3"	"-73.9743"	"40.7423"	"INSDC center name"	""	""	""	""	""	""	""	""	""	"213"	"224308"	"16599"	"34863047"	"107"	"1225506"	"796"	"85371441"	"NextSeq 550"	"PAIRED"	"RANDOM"	"GENOMIC"	"vOka_14d_latency_rep2"	"ILLUMINA"	"ERP129818"	"2021-10-04T00:00:00"	"308"	"398"	"515"	""	""	"22"	"0.98"	"1"	"0.66"	"1"
"ERR4277868"	"1"	"PRJEB38829"	"SAMEA6999494"	"Decoding the architecture of the varicella-zoster virus transcriptome"	"Varicella-zoster virus (VZV), a double-stranded DNA virus, causes varicella, establishes lifelong latency in ganglionic neurons, and reactivates later in life to cause herpes zoster, commonly associated with chronic pain. The VZV genome is densely packed and produces multitudes of overlapping transcripts deriving from both strands. While 71 distinct open reading frames (ORFs) have thus far been experimentally defined, the full coding potential of VZV remains unknown. Here, we integrated multiple short-read RNA sequencing approaches with long-read direct RNA sequencing on RNA isolated from VZV-infected cells to provide a comprehensive reannotation of the lytic VZV transcriptome architecture. Through precise mapping of transcription start sites, splice junctions, and polyadenylation sites, we identified 136 distinct polyadenylated VZV RNAs that encode canonical ORFs, non-canonical ORFs, and ORF fusions, as well as putative non-coding RNAs (ncRNAs). Furthermore, we determined the kinetic class of all VZV transcripts and observed, unexpectedly, that transcripts encoding the ORF62 protein, previously designated as immediate-early, were expressed with late kinetics. Our work showcases the complexity of the VZV transcriptome and provides a comprehensive resource that will facilitate future functional studies of coding RNAs, ncRNAs, and the biological mechanisms underlying the regulation of viral transcription and translation during lytic VZV infection."	"PMC:7542360"	"ERS4767575"	"RNA-Seq"	"NEW YORK UNIVERSITY SCHOOL OF MEDICINE"	"ERX4232495"	"SAMEA6999494"	"Human alphaherpesvirus 3"	"-73.9743"	"40.7423"	"INSDC center name"	""	""	""	""	""	""	""	""	""	"171"	"1589952"	"5935"	"132806297"	"47"	"9252773"	"3547"	"443695712"	"Illumina HiSeq 4000"	"PAIRED"	"Oligo-dT"	"TRANSCRIPTOMIC"	"EMC1-ARPE19-UNT-24-RNASeq"	"ILLUMINA"	"ERP122280"	"2020-08-01T00:00:00"	"2055"	"302"	"7000"	""	""	"22"	"0.98"	"1"	"0.66"	"1"
"SRR20950947"	"1"	"PRJNA841806"	"SAMN28667480"	"Characterization of microbiome and resistome from poultry farm and abattoir"	"Comprehensive characterization of microbiome genomes is necessary for understanding antibiotic resistance in the livestock microbiome as well as their related environment. In the poultry production environment, antimicrobial administration is widespread and that can cause accumulating AMR. We conducted large-scale sampling across 10 poultry farms and 4 connected abattoirs spanning 3 different geographic regions in China, to investigate microbiomes and resistomes in different microbial communities: chicken, farm environment, carcasses, and abattoir environment, with a longitudinal surveillance study from farm to abattoir through the whole production cycle."	""	"SRS14556450"	"WGS"	"UNIVERSITY OF NOTTINGHAM"	"SRX16969303"	"SDPD4HCT1-02"	"metagenome"	"103.82705"	"1.3064"	"geo_loc_name"	"{""geo_loc_name_country_calc"": [116.38765, 39.90657], ""geo_loc_name_sam"": [""103.82705"", ""1.3064""]}"	""	""	""	""	""	""	""	""	"310"	"1943382"	"34190"	"427257506"	"90"	"16839755"	"8225"	"1265659097"	"Illumina NovaSeq 6000"	"PAIRED"	"RANDOM"	"METAGENOMIC"	"SDPD4HCT1-02"	"ILLUMINA"	"SRP390353"	"2023-01-09T00:00:00"	"2948"	"300"	"9421"	"Metagenome or environmental"	""	"1"	"1"	"1"	"1"	"1"
"ERR244072"	"1"	"PRJEB2768"	"SAMEA1709564"	"Herpesvirus_whole_genome_sequencing"	"Very little is known about genome diversity of herpesviruses and there are currently very few genome sequences in Genbank. Whole genome sequencing of large DNA viruses is complicated by the difficulty in separating virus DNA from human DNA. In this project we will address this issue by using Agilent SureSelect technology and Illumina deep sequencing to sequence several members of the herpesvirus family, including Epstein Barr virus (EBV, HHV4), Kaposi’s sarcoma associated herpesvirus (KSHV, HHV8) and varicella zoster virus (VZV, HHV3). We have designed custom baits to the available reference sequences and will use these to pull out virus sequence from host DNA and then Illumina sequence the captured virus DNA. The short read data will be assembled into a genome consensus sequence for each virus and importantly, allow analysis of virus minority species, which may be important for pathogenesis.  We will use a range of samples including DNA from cell lines latently infected with either EBV or KSHV or both viruses. These data will enable an initial estimation of genome diversity and highlight differences at the genetic level between EBV and KSHV from different cell lines. Further studies will generate herpesvirus genome sequences from clinical samples, including varicella, Kaposi’s sarcoma and nasopharyngeal carcinoma to investigate virus genetic diversity and pathogenic determinants.  http://www.sanger.ac.uk/resources/downloads/viruses/herpesviridae-lymphocryptovirus  http://www.sanger.ac.uk/resources/downloads/viruses/herpesviridae-rhadinovirus  http://www.sanger.ac.uk/resources/downloads/viruses/herpesviridae-simplexvirus"	"PMC:11943181,8235469"	"ERS074868"	"WGS"	"SC"	"ERX218606"	"SAMEA1709564"	"Human alphaherpesvirus 3"	"-81.04537"	"33.99882"	"INSDC center name"	""	""	""	""	""	""	""	""	""	"38"	"16834"	"1241"	"727879"	"37"	"188707"	"464"	"7392700"	"Illumina HiSeq 2000"	"PAIRED"	"RANDOM"	"GENOMIC"	"2674244"	"ILLUMINA"	"ERP001026"	"2013-06-13T00:00:00"	"90"	"200"	"186"	""	""	"37"	"0.98"	"1"	"0.6"	"1"
"SRR10017915"	"1"	"PRJNA561812"	"SAMN12628646"	"Kallikrein-mediated cytokeratin 10 degradation is required for VZV propagation in skin"	"Varicella Zoster Virus (VZV) is a skin-tropic virus that infects epidermal keratinocytes and causes chickenpox. Although common, VZV infection can be life-threatening particularly in the immunocompromised. Therefore, understanding VZV-keratinocyte interactions is important to find new treatments beyond vaccination and anti-viral drugs. In VZV- infected skin, Kallikrein 6 (KLK6), and the ubiquitin-ligase MDM2 are up-regulated concomitant with Keratin 10 (K10) down-regulation. MDM2 binds to K10 targeting it for degradation via the ubiquitin-proteasome pathway. Preventing K10 degradation reduced VZV propagation in culture and prevented epidermal disruption in skin explants. K10 knockdown induced expression of the nuclear receptor subfamily 4, group A, member 1 (NR4A1) and enhanced viral propagation in culture. NR4A1 knockdown prevented viral propagation in culture, reduced LC3 levels and increased LAMP2 expression. We therefore describe a novel drug-able pathway whereby MDM2 ubiquitinates and degrades K10 increasing NR4A1 expression allowing VZV replication and propagation."	""	"SRS5304777"	"RNA-Seq"	"UCL"	"SRX6755697"	"MeWo"	"Homo sapiens"	""	""	""	""	""	""	""	""	"skin"	"tissue"	"skin"	"BTO_0001253"	"274"	"125151"	"2770"	"16320712"	"41"	"5198987"	"771"	"215723321"	"NextSeq 550"	"PAIRED"	"Oligo-dT"	"TRANSCRIPTOMIC"	"pOka-V24-Nut3-2"	"ILLUMINA"	"SRP219194"	"2019-08-26T00:00:00"	"1513"	"83"	"3723"	"Human"	""	"0"	""	""	""	""
"SRR15524191"	"1"	"PRJNA734644"	"SAMN20822608"	"Raw sequence reads for human plasma cfDNA samples positive with multiple DNA viruses"	"Fragment size-based enrichment of viral sequences in plasma cell-free DNA"	"PMC:9127460"	"SRS9837253"	"WGS"	"UNIVERSITY OF WASHINGTON"	"SRX11822968"	"VZV043"	"Human alphaherpesvirus 3"	"-122.32945"	"47.60357"	"geo_loc_name"	"{""geo_loc_name_sam"": [-122.32945, 47.60357], ""geo_loc_name_country_calc"": [""-77.03196"", ""38.89036""]}"	""	""	""	""	""	""	""	""	"32"	"1036320"	"3730"	"38489297"	"49"	"40609702"	"461"	"1790718270"	"NextSeq 550"	"PAIRED"	"RANDOM"	"GENOMIC"	"=LEFT(L32,FIND(""_"",L32)-1)"	"ILLUMINA"	"SRP333243"	"2021-08-19T00:00:00"	"2091"	"102"	"6737"	"Pathogen.cl"	""	"7"	"0.92"	"1"	"0.53"	"1"
"ERR244064"	"1"	"PRJEB2768"	"SAMEA1709556"	"Herpesvirus_whole_genome_sequencing"	"Very little is known about genome diversity of herpesviruses and there are currently very few genome sequences in Genbank. Whole genome sequencing of large DNA viruses is complicated by the difficulty in separating virus DNA from human DNA. In this project we will address this issue by using Agilent SureSelect technology and Illumina deep sequencing to sequence several members of the herpesvirus family, including Epstein Barr virus (EBV, HHV4), Kaposi’s sarcoma associated herpesvirus (KSHV, HHV8) and varicella zoster virus (VZV, HHV3). We have designed custom baits to the available reference sequences and will use these to pull out virus sequence from host DNA and then Illumina sequence the captured virus DNA. The short read data will be assembled into a genome consensus sequence for each virus and importantly, allow analysis of virus minority species, which may be important for pathogenesis.  We will use a range of samples including DNA from cell lines latently infected with either EBV or KSHV or both viruses. These data will enable an initial estimation of genome diversity and highlight differences at the genetic level between EBV and KSHV from different cell lines. Further studies will generate herpesvirus genome sequences from clinical samples, including varicella, Kaposi’s sarcoma and nasopharyngeal carcinoma to investigate virus genetic diversity and pathogenic determinants.  http://www.sanger.ac.uk/resources/downloads/viruses/herpesviridae-lymphocryptovirus  http://www.sanger.ac.uk/resources/downloads/viruses/herpesviridae-rhadinovirus  http://www.sanger.ac.uk/resources/downloads/viruses/herpesviridae-simplexvirus"	"PMC:11943181,8235469"	"ERS074893"	"WGS"	"SC"	"ERX218598"	"SAMEA1709556"	"Human alphaherpesvirus 3"	"-81.04537"	"33.99882"	"INSDC center name"	""	""	""	""	""	""	""	""	""	"96"	"33582"	"3359"	"2091618"	"45"	"411075"	"547"	"19607116"	"Illumina HiSeq 2000"	"PAIRED"	"RANDOM"	"GENOMIC"	"2754509"	"ILLUMINA"	"ERP001026"	"2013-06-13T00:00:00"	"375"	"200"	"562"	""	""	"37"	"0.98"	"1"	"0.6"	"1"
"SRR156346"	"1"	""	"SAMN00254017"	""	""	""	"SRS183286"	"WGS"	"UCL"	"SRX052989"	"VZV Vesicle strain T25"	"Human herpesvirus 3"	""	""	""	""	""	""	""	""	""	""	""	""	"34"	"105104"	"2253"	"5065099"	"34"	"3513278"	"224"	"140884149"	"Illumina Genome Analyzer II"	"PAIRED"	"Hybrid Selection"	"GENOMIC"	"T25"	"ILLUMINA"	"SRP006178"	"2012-01-18T00:00:00"	"704"	"144"	"1163"	""	""	"0"	""	""	""	""
"ERR244039"	"1"	"PRJEB2768"	"SAMEA1709598"	"Herpesvirus_whole_genome_sequencing"	"Very little is known about genome diversity of herpesviruses and there are currently very few genome sequences in Genbank. Whole genome sequencing of large DNA viruses is complicated by the difficulty in separating virus DNA from human DNA. In this project we will address this issue by using Agilent SureSelect technology and Illumina deep sequencing to sequence several members of the herpesvirus family, including Epstein Barr virus (EBV, HHV4), Kaposi’s sarcoma associated herpesvirus (KSHV, HHV8) and varicella zoster virus (VZV, HHV3). We have designed custom baits to the available reference sequences and will use these to pull out virus sequence from host DNA and then Illumina sequence the captured virus DNA. The short read data will be assembled into a genome consensus sequence for each virus and importantly, allow analysis of virus minority species, which may be important for pathogenesis.  We will use a range of samples including DNA from cell lines latently infected with either EBV or KSHV or both viruses. These data will enable an initial estimation of genome diversity and highlight differences at the genetic level between EBV and KSHV from different cell lines. Further studies will generate herpesvirus genome sequences from clinical samples, including varicella, Kaposi’s sarcoma and nasopharyngeal carcinoma to investigate virus genetic diversity and pathogenic determinants.  http://www.sanger.ac.uk/resources/downloads/viruses/herpesviridae-lymphocryptovirus  http://www.sanger.ac.uk/resources/downloads/viruses/herpesviridae-rhadinovirus  http://www.sanger.ac.uk/resources/downloads/viruses/herpesviridae-simplexvirus"	"PMC:11943181,8235469"	"ERS074861"	"WGS"	"SC"	"ERX218573"	"SAMEA1709598"	"human gammaherpesvirus 4"	"-81.04537"	"33.99882"	"INSDC center name"	""	""	""	""	""	""	""	""	""	"125"	"11745"	"4758"	"846762"	"36"	"377156"	"966"	"15031091"	"Illumina HiSeq 2000"	"PAIRED"	"RANDOM"	"GENOMIC"	"2674237"	"ILLUMINA"	"ERP001026"	"2013-03-23T00:00:00"	"168"	"200"	"265"	""	""	"37"	"0.98"	"1"	"0.6"	"1"
"ERR244062"	"1"	"PRJEB2768"	"SAMEA1709535"	"Herpesvirus_whole_genome_sequencing"	"Very little is known about genome diversity of herpesviruses and there are currently very few genome sequences in Genbank. Whole genome sequencing of large DNA viruses is complicated by the difficulty in separating virus DNA from human DNA. In this project we will address this issue by using Agilent SureSelect technology and Illumina deep sequencing to sequence several members of the herpesvirus family, including Epstein Barr virus (EBV, HHV4), Kaposi’s sarcoma associated herpesvirus (KSHV, HHV8) and varicella zoster virus (VZV, HHV3). We have designed custom baits to the available reference sequences and will use these to pull out virus sequence from host DNA and then Illumina sequence the captured virus DNA. The short read data will be assembled into a genome consensus sequence for each virus and importantly, allow analysis of virus minority species, which may be important for pathogenesis.  We will use a range of samples including DNA from cell lines latently infected with either EBV or KSHV or both viruses. These data will enable an initial estimation of genome diversity and highlight differences at the genetic level between EBV and KSHV from different cell lines. Further studies will generate herpesvirus genome sequences from clinical samples, including varicella, Kaposi’s sarcoma and nasopharyngeal carcinoma to investigate virus genetic diversity and pathogenic determinants.  http://www.sanger.ac.uk/resources/downloads/viruses/herpesviridae-lymphocryptovirus  http://www.sanger.ac.uk/resources/downloads/viruses/herpesviridae-rhadinovirus  http://www.sanger.ac.uk/resources/downloads/viruses/herpesviridae-simplexvirus"	"PMC:11943181,8235469"	"ERS074891"	"WGS"	"SC"	"ERX218596"	"SAMEA1709535"	"Human alphaherpesvirus 3"	"-81.04537"	"33.99882"	"INSDC center name"	""	""	""	""	""	""	""	""	""	"41"	"43103"	"1712"	"2107162"	"35"	"789117"	"656"	"31378916"	"Illumina HiSeq 2000"	"PAIRED"	"RANDOM"	"GENOMIC"	"2754507"	"ILLUMINA"	"ERP001026"	"2013-06-13T00:00:00"	"1064"	"200"	"1609"	""	""	"37"	"0.98"	"1"	"0.6"	"1"
"ERR6752380"	"1"	"PRJEB42868"	"SAMEA9957673"	"Reannotation of the simian varicella virus lytic transcriptome and characterization of the latency-associated transcript"	"Varicella-zoster virus (VZV), an endemic human alphaherpesvirus, causes varicella and establishes lifelong latency in the neurons of the dorsal root and trigeminal ganglia. Later in life, reactivation from latency results in herpes zoster, a condition that is often complicated by untreatable debilitating chronic pain in the affected dermatome. Since VZV is highly species-specific, no small animal models exist that fully recapitulate the viral life cycle. Simian varicella virus (SVV) is the closest known relative of VZV and experimental infection of non-human primates with SVV recapitulates all features of human VZV disease, thus providing an opportunity to study the pathogenesis of VZV disease and latency in vivo. SVV and VZV genomes are co-linear, similar in size and share most open reading frames. The SVV transcriptome is currently annotated based on homology to VZV, likely underestimating complexity and differences between the two viruses. Here, we use direct long-read RNA sequencing to redefine the SVV transcriptome during in vitro and in vivo lytic infection, and reveal previously unrecognized isoforms, splicing events and fusion transcripts, of which some are conserved with VZV. Furthermore, we characterized the SVV homologue of the VZV latency-associated transcript (VLT), that, similar its VZV homologue is located antisense the immediate-early gene ORF61, multiply spliced and exists in many different isoforms during lytic infection, whereas a single dominant form is found during in vivo latency. In summary, this works contributes to understanding the molecular biology of SVV infection, thereby providing a solid basis for further studies into the pathogenesis of lytic and latent infection of both SVV and VZV."	""	"ERS7635977"	"WGS"	"NEW YORK UNIVERSITY SCHOOL OF MEDICINE"	"ERX6376326"	"SAMEA9957673"	"Human alphaherpesvirus 3"	"-73.9743"	"40.7423"	"INSDC center name"	""	""	""	""	""	""	""	""	""	"237"	"1500273"	"2778"	"218500863"	"65"	"8934588"	"957"	"538263888"	"Illumina MiSeq"	"PAIRED"	"RANDOM"	"GENOMIC"	"EMC1-VLTshift"	"ILLUMINA"	"ERP126789"	"2021-09-28T00:00:00"	"1427"	"600"	"2556"	""	""	"22"	"0.98"	"1"	"0.66"	"1"
"SRR23991554"	"1"	"PRJNA949617"	"SAMN33950809"	"Lack of strong innate immune reactivity renders macrophages alone unable to control productive Varicella-Zoster Virus infection in an isogenic human iPSC-derived neuronal co-culture model."	"With Varicella-Zoster Virus (VZV) being an exclusive human pathogen, human induced pluripotent stem cell (hiPSC)-derived neural cell culture models are an emerging tool to investigate VZV neuro-immune interactions. Using a compartmentalized hiPSC-derived neuronal model allowing axonal VZV infection, we previously demonstrated that paracrine interferon (IFN)-α2 signalling is required to activate a broad spectrum of interferon-stimulated genes able to counteract a productive VZV infection in hiPSC-neurons. In this new study, we now investigated whether innate immune signalling by VZV-challenged macrophages was able to orchestrate an antiviral immune response in VZV-infected hiPSC-neurons. In order to establish an isogenic hiPSC-neuron / hiPSC-macrophage co-culture model, hiPSC-macrophages were generated and characterised for phenotype, gene expression, cytokine production and phagocytic capacity. Even though immunological competence of hiPSC-macrophages was shown following stimulation with the VZV mimic poly(dA:dT) or treatment with IFN-α2, hiPSC-macrophages in co-culture with VZV-infected hiPSC-neurons were unable to mount an antiviral immune response capable of suppressing a productive neuronal VZV infection. Subsequently, a comprehensive RNA-Seq analysis confirmed the lack of strong immune responsiveness by hiPSC-neurons and hiPSC-macrophages upon, respectively, VZV infection or challenge. This may suggest the need of other cell types, like T-cells or other innate immune cells, to (co-)orchestrate an efficient antiviral immune response against VZV-infected neurons.Overall design: We generated bulk RNA-seq samples from both hiPSC-neurons and hiPSC-macrophages, stimulated with the pro-inflammatory pdAT or cell-free VZV-eGFP/ORF23."	"PubMed:37287975"	"SRS17157639"	"RNA-Seq"	"VACCINE AND INFECTIOUS DISEASE INSTITUTE (VAXINFECTIO), UNIVERSITY OF ANTWERP"	"SRX19795217"	"GSM7120142"	"Homo sapiens"	""	""	""	""	""	""	""	""	""	""	""	""	"32"	"909822"	"711"	"33734795"	"32"	"4453021"	"477"	"163782198"	"NextSeq 500"	"SINGLE"	"cDNA"	"TRANSCRIPTOMIC"	"GSM7120142"	"ILLUMINA"	"SRP429741"	"2023-04-19T00:00:00"	"249"	"148"	"570"	""	""	"0"	""	""	""	""
"ERR976829"	"1"	"PRJEB10064"	"SAMEA3496959"	"In this study we describe some of the challenges of clinical metagenomics through benchtop sequencing of two distinct sample types, designed to highlight current application and opportunities in this field."	"Availability of fast, high throughput and low cost whole genome sequencing (WGS) holds great promise within public health microbiology, with applications ranging from outbreak detection and tracking transmission events, to understanding the role played by microbial communities in health and disease. Within clinical metagenomics, identifying microorganisms from a complex and host enriched background remains a central computational challenge. In this study we sequenced two metagenomic samples, a known viral mixture of 25 human pathogens and an unknown complex biological mode using benchtop technology, highlighting the current challenges  and opportunities in this field."	"PMC:4584244"	"ERS804108"	"WGS"	"PUBLIC HEALTH ENGLAND"	"ERX1053809"	"SAMEA3496959"	"metagenome"	"-0.12721"	"51.50643"	"geo_loc_name"	"{""INSDC center name"": [-0.10917, 51.50177], ""geo_loc_name_country_calc"": [""-0.12721"", ""51.50643""]}"	""	""	""	""	""	""	""	""	"61"	"318971"	"15873"	"20141948"	"36"	"2135828"	"4250"	"88222072"	"Illumina MiSeq"	"PAIRED"	"RANDOM"	"METAGENOMIC"	"DNA_S2"	"ILLUMINA"	"ERP011248"	"2015-08-11T00:00:00"	"1169"	"294"	"2236"	""	""	"4"	"0.85"	"1"	"0.57"	"0.91"
"SRR171257"	"1"	""	"SAMN00254012"	""	""	""	"SRS183281"	"WGS"	"UCL"	"SRX055090"	"VZV strain v76"	"Human herpesvirus 3"	""	""	""	""	""	""	""	""	""	""	""	""	"38"	"37596"	"3604"	"1581595"	"43"	"1650029"	"580"	"68843022"	"Illumina Genome Analyzer IIx"	"PAIRED"	"Hybrid Selection"	"GENOMIC"	"VZV v76"	"ILLUMINA"	"SRP006178"	"2012-01-18T00:00:00"	"969"	"108"	"1573"	""	""	"0"	""	""	""	""
"SRR23244939"	"1"	"PRJNA928395"	"SAMN32930957"	"Gene expression based molecular test as diagnostic aid for the differential diagnosis of psoriasis and eczema in formalin fixed and paraffin embedded tissue, microbiopsies and tape strips"	"Development of a real-time PCR based molecular classifier to distinguish psoriasis from eczema in FFPE-fixed skin samples and evaluation of the use of minimally invasive microbiopsies and tape strips for molecular diagnosis.Overall design: Performing gene expression analysis using data obtained from RNA-seq of macrobiopsies and microbiopsies of eczema and psoriasis patients"	"PubMed:36889660"	"SRS16601520"	"RNA-Seq"	"ZAUM – CENTER OF ALLERGY AND ENVIRONMENT, TECHNICAL UNIVERSITY OF MUNICH AND HELMHOLTZ CENTER MUNICH"	"SRX19190955"	"GSM6996028"	"Homo sapiens"	""	""	""	""	"condition"	"psoriasis"	"psoriasis"	"DOID_8893"	""	""	""	""	"221"	"642723"	"8363"	"97048620"	"120"	"3650722"	"1951"	"291838876"	"Illumina HiSeq 4000"	"PAIRED"	"cDNA"	"TRANSCRIPTOMIC"	"GSM6996028"	"ILLUMINA"	"SRP419280"	"2023-03-01T00:00:00"	"517"	"272"	"1358"	""	""	"0"	""	""	""	""
"SRR23024397"	"1"	"PRJNA921818"	"SAMN32634551"	"Genome-wide comparison of varicella-zoster virus vaccines"	"In this study, a high throughput sequencing technology was utilized to obtain deep coverage for VZV genome in four commercial vaccines. Genetic variants in the vaccines were identified and compared to the reference genomes of Dumas, pOka, vOka, and MAV/06, allowing the tracing of origin of the variants."	""	"SRS16401485"	"WGS"	"AJOU UNIVERSITY"	"SRX18979887"	"GC_rep3"	"Human alphaherpesvirus 3"	"126.99989"	"37.55886"	"geo_loc_name"	"{""geo_loc_name_country_calc"": [126.99989, 37.55886], ""geo_loc_name_sam"": [""126.99989"", ""37.55886""]}"	""	""	""	""	""	""	""	""	"162"	"5969621"	"5411"	"734832176"	"95"	"25547954"	"1597"	"1689019734"	"Illumina NovaSeq 6000"	"PAIRED"	"PCR"	"GENOMIC"	"GC_rep3"	"ILLUMINA"	"SRP416618"	"2023-02-09T00:00:00"	"2446"	"302"	"7440"	"Viral"	"2022-08-01"	"11"	"1"	"1"	"1"	"1"
"SRR4019632"	"1"	"PRJNA338650"	"SAMN05560321"	"Cell responses to dysregulated VZV-induced cell-cell fusion"	"The highly conserved herpesvirus glycoprotein complex, gB/gH-gL, mediates membrane fusion during virion entry and cell-cell fusion.  Varicella-zoster virus (VZV) characteristically forms multi-nucleated cells, or syncytia, during the infection of human tissues but little is known about this process.  The cytoplasmic domain of VZV gB (gBcyt) has been implicated in cell-cell fusion regulation because a gB[Y881F] substitution causes hyperfusion.  The gBcyt regulation is necessary for VZV pathogenesis as the hyperfusogenic mutant gB[Y881F] is severely attenuated in human skin xenografts.  In this study, gBcyt regulated fusion was investigated by comparing melanoma cells infected with wild type-like VZV or hyperfusogenic mutants.  The gB[Y881F] mutant exhibited dramatically accelerated syncytia formation in melanoma cells caused by fusion of infected cells with many uninfected cells, increased cytoskeleton reorganization and rapid displacement of nuclei to dense central structures when compared to pOka using live cell confocal microscopy.  VZV and human transcriptomes were concurrently investigated using RNA-seq to identify viral and cellular responses induced when the gBcyt regulation was disrupted by the gB[Y881F] substitution.  The expression of four vital VZV genes, ORF61 and glycoproteins, gC, gE and gI, was significantly reduced at 36 hours post infection for the hyperfusogenic mutants.  Importantly, hierarchical clustering demonstrated an association of differential gene expression with dysregulated gBcyt-mediated fusion.  A subset of Ras GTPase genes linked to membrane remodeling were upregulated in cells infected with the hyperfusogenic mutants.  These data implicate the gBcyt in the regulation gB fusion function that, if unmodulated, triggers cellular processes leading to hyperfusion that attenuates VZV infection.Overall design: Biological duplicates from 3 time points (12, 24 and 36 hours post infection) of uninfected MeWo cells or MeWo cells infected with varicella-zoster virus strain pOka or mutants gB[Y881F], gB[Y920F] or gB[Y881/920F]"	"PubMed:27795423"	"SRS1610276"	"RNA-Seq"	"GEO"	"SRX2013153"	"GSM2267766"	"Homo sapiens"	""	""	""	""	""	""	""	""	""	""	""	""	"588"	"36771"	"8154"	"12761828"	"56"	"892530"	"2319"	"53080182"	"Illumina HiSeq 2000"	"SINGLE"	"cDNA"	"TRANSCRIPTOMIC"	""	"ILLUMINA"	"SRP081284"	"2017-03-01T00:00:00"	"532"	"51"	"829"	""	""	"0"	""	""	""	""
"ERR2854967"	"1"	"PRJEB25401"	"SAMEA5041695"	"Long-read Sequencing Dataset of Varicella Zoster Virus"	"To assess the transcriptional capacity of the Human herpesvirus 3 (HHV3), total RNA was isolated from from HHV3 infected MRC-5 (human lung fibroblast) cells and reverse transcribed using SuperScript IV using oligo(dT) primers for either the poly(A)-selected fraction or CAP-selected fraction. cDNAs were sequenced using the Oxford Nanopore’s MinION cDNA sequencing platform."	"PMC:6198048"	"ERS2853436"	"RNA-Seq"	"UNIVERSITY OF SZEGED"	"ERX2861556"	"SAMEA5041695"	"Human alphaherpesvirus 3"	"20.15911"	"46.23163"	"INSDC center name"	""	""	""	""	""	""	""	""	""	"32"	"1303849"	"1237"	"47429584"	"33"	"14555245"	"257"	"504829601"	"MinION"	"SINGLE"	"other"	"TRANSCRIPTOMIC"	"Targeted sequencing"	"OXFORD_NANOPORE"	"ERP107313"	"2018-10-25T00:00:00"	"1122"	"776"	"1420"	""	""	"2"	"0.82"	"1"	"0.64"	"0.82"
"SRR1811867"	"1"	"PRJNA273099"	"SAMN03339511"	"The 1KITE project: evolution of insects"	"Insects are one of the most species-rich groups of metazoan organisms. They play a pivotal role in most non-marine ecosystems and many insect species are of enormous economical and medical importance. Unraveling the evolution of insects is essential for understanding how life in terrestrial and limnic environments evolved. The 1KITE (1K Insect Transcriptome Evolution) project aims to study the transcriptomes (that is the entirety of expressed genes) of 1,000 insect species encompassing all recognized insect orders. For each species, so-called ESTs (Expressed Sequence Tags) will be produced using next generation sequencing techniques (NGS). The expected data will allow inferring for the first time a robust phylogenetic backbone tree of insects. Furthermore, the project includes the development of new software for data quality assessment and analysis."	""	"SRS851449"	"EST"	"ZMB"	"SRX884421"	"INSofmTBURAAPEI-109 - Hemerobius nitidulus"	"Hemerobius nitidulus"	"15.51942"	"48.3961"	"geo_loc_name_sam"	"{""geo_loc_name_country_calc"": [16.36842, 48.20263], ""geo_loc_name"": [""15.51942"", ""48.3961""]}"	""	""	""	""	""	""	""	""	"366"	"173866"	"5835"	"29259024"	"47"	"3745206"	"1346"	"175153340"	"Illumina HiSeq 2000"	"PAIRED"	"cDNA"	"TRANSCRIPTOMIC"	"INSofmTBURAAPEI-109"	"ILLUMINA"	"SRP055260"	"2020-06-04T00:00:00"	"2048"	"300"	"3103"	"Invertebrate"	"2012-09-01"	"1"	"1"	"1"	"1"	"1"
"ERR1512383"	"1"	"PRJEB14639"	"SAMEA4058354"	"Deep-sequencing of distinct preparations of the live-attenuated VZV vaccine reveals a conserved core of attenuating SNPs"	"The continued success of the live-attenuated varicella zoster virus vaccine in preventing varicella and herpes zoster is well documented, as are many of the mutations that contribute to the attenuation of the vOka virus for replication in skin. At least three different preparations of vOKa are marketed. Here, we show using deep sequencing of seven batches of vOka vaccine (including ZostaVax, VariVax, VarilRix and the Oka/Biken working seed) from three different manufacturers (VariVax, GSK and Biken) that  137 SNP mutations are present in all vaccine batches. This includes six sites at which the vaccine allele is fixed or near-fixation which we speculate are likely to be important for attenuation. We additionally show that despite differences in the vaccine populations between preparations, batch to batch variation is minimal, as is the number and frequency of mutations unique to individual batches.  This suggests that the vaccine manufacturing processes are not introducing new mutations and notwithstanding the mixture of variants present, VZV live vaccines are extremely stable."	"PMC:5021409"	"ERS1229464"	"Targeted-Capture"	"UNIVERSITY COLLEGE LONDON"	"ERX1583410"	"SAMEA4058354"	"Human alphaherpesvirus 3"	"-0.13466"	"51.52462"	"INSDC center name"	""	""	""	""	""	""	""	""	""	"33"	"233558"	"2171"	"8503237"	"34"	"1223586"	"575"	"45112351"	"Illumina MiSeq"	"PAIRED"	"other"	"GENOMIC"	"vOkaSeed"	"ILLUMINA"	"ERP016293"	"2016-07-12T00:00:00"	"231"	"502"	"416"	""	""	"12"	"1"	"1"	"1"	"1"
"SRR23991656"	"1"	"PRJNA949617"	"SAMN33950834"	"Lack of strong innate immune reactivity renders macrophages alone unable to control productive Varicella-Zoster Virus infection in an isogenic human iPSC-derived neuronal co-culture model."	"With Varicella-Zoster Virus (VZV) being an exclusive human pathogen, human induced pluripotent stem cell (hiPSC)-derived neural cell culture models are an emerging tool to investigate VZV neuro-immune interactions. Using a compartmentalized hiPSC-derived neuronal model allowing axonal VZV infection, we previously demonstrated that paracrine interferon (IFN)-α2 signalling is required to activate a broad spectrum of interferon-stimulated genes able to counteract a productive VZV infection in hiPSC-neurons. In this new study, we now investigated whether innate immune signalling by VZV-challenged macrophages was able to orchestrate an antiviral immune response in VZV-infected hiPSC-neurons. In order to establish an isogenic hiPSC-neuron / hiPSC-macrophage co-culture model, hiPSC-macrophages were generated and characterised for phenotype, gene expression, cytokine production and phagocytic capacity. Even though immunological competence of hiPSC-macrophages was shown following stimulation with the VZV mimic poly(dA:dT) or treatment with IFN-α2, hiPSC-macrophages in co-culture with VZV-infected hiPSC-neurons were unable to mount an antiviral immune response capable of suppressing a productive neuronal VZV infection. Subsequently, a comprehensive RNA-Seq analysis confirmed the lack of strong immune responsiveness by hiPSC-neurons and hiPSC-macrophages upon, respectively, VZV infection or challenge. This may suggest the need of other cell types, like T-cells or other innate immune cells, to (co-)orchestrate an efficient antiviral immune response against VZV-infected neurons.Overall design: We generated bulk RNA-seq samples from both hiPSC-neurons and hiPSC-macrophages, stimulated with the pro-inflammatory pdAT or cell-free VZV-eGFP/ORF23."	"PubMed:37287975"	"SRS17157613"	"RNA-Seq"	"VACCINE AND INFECTIOUS DISEASE INSTITUTE (VAXINFECTIO), UNIVERSITY OF ANTWERP"	"SRX19795191"	"GSM7120117"	"Homo sapiens"	""	""	""	""	""	""	""	""	""	""	""	""	"32"	"444078"	"615"	"15706155"	"32"	"1865605"	"390"	"66775854"	"NextSeq 500"	"SINGLE"	"cDNA"	"TRANSCRIPTOMIC"	"GSM7120117"	"ILLUMINA"	"SRP429741"	"2023-04-19T00:00:00"	"107"	"148"	"251"	""	""	"0"	""	""	""	""
"SRR4019618"	"1"	"PRJNA338650"	"SAMN05560330"	"Cell responses to dysregulated VZV-induced cell-cell fusion"	"The highly conserved herpesvirus glycoprotein complex, gB/gH-gL, mediates membrane fusion during virion entry and cell-cell fusion.  Varicella-zoster virus (VZV) characteristically forms multi-nucleated cells, or syncytia, during the infection of human tissues but little is known about this process.  The cytoplasmic domain of VZV gB (gBcyt) has been implicated in cell-cell fusion regulation because a gB[Y881F] substitution causes hyperfusion.  The gBcyt regulation is necessary for VZV pathogenesis as the hyperfusogenic mutant gB[Y881F] is severely attenuated in human skin xenografts.  In this study, gBcyt regulated fusion was investigated by comparing melanoma cells infected with wild type-like VZV or hyperfusogenic mutants.  The gB[Y881F] mutant exhibited dramatically accelerated syncytia formation in melanoma cells caused by fusion of infected cells with many uninfected cells, increased cytoskeleton reorganization and rapid displacement of nuclei to dense central structures when compared to pOka using live cell confocal microscopy.  VZV and human transcriptomes were concurrently investigated using RNA-seq to identify viral and cellular responses induced when the gBcyt regulation was disrupted by the gB[Y881F] substitution.  The expression of four vital VZV genes, ORF61 and glycoproteins, gC, gE and gI, was significantly reduced at 36 hours post infection for the hyperfusogenic mutants.  Importantly, hierarchical clustering demonstrated an association of differential gene expression with dysregulated gBcyt-mediated fusion.  A subset of Ras GTPase genes linked to membrane remodeling were upregulated in cells infected with the hyperfusogenic mutants.  These data implicate the gBcyt in the regulation gB fusion function that, if unmodulated, triggers cellular processes leading to hyperfusion that attenuates VZV infection.Overall design: Biological duplicates from 3 time points (12, 24 and 36 hours post infection) of uninfected MeWo cells or MeWo cells infected with varicella-zoster virus strain pOka or mutants gB[Y881F], gB[Y920F] or gB[Y881/920F]"	"PubMed:27795423"	"SRS1610265"	"RNA-Seq"	"GEO"	"SRX2013138"	"GSM2267751"	"Homo sapiens"	""	""	""	""	""	""	""	""	""	""	""	""	"590"	"44532"	"8250"	"14699260"	"56"	"980546"	"2644"	"58049622"	"Illumina HiSeq 2000"	"SINGLE"	"cDNA"	"TRANSCRIPTOMIC"	""	"ILLUMINA"	"SRP081284"	"2017-03-01T00:00:00"	"601"	"51"	"945"	""	""	"0"	""	""	""	""
"ERR244042"	"1"	"PRJEB2768"	"SAMEA1709546"	"Herpesvirus_whole_genome_sequencing"	"Very little is known about genome diversity of herpesviruses and there are currently very few genome sequences in Genbank. Whole genome sequencing of large DNA viruses is complicated by the difficulty in separating virus DNA from human DNA. In this project we will address this issue by using Agilent SureSelect technology and Illumina deep sequencing to sequence several members of the herpesvirus family, including Epstein Barr virus (EBV, HHV4), Kaposi’s sarcoma associated herpesvirus (KSHV, HHV8) and varicella zoster virus (VZV, HHV3). We have designed custom baits to the available reference sequences and will use these to pull out virus sequence from host DNA and then Illumina sequence the captured virus DNA. The short read data will be assembled into a genome consensus sequence for each virus and importantly, allow analysis of virus minority species, which may be important for pathogenesis.  We will use a range of samples including DNA from cell lines latently infected with either EBV or KSHV or both viruses. These data will enable an initial estimation of genome diversity and highlight differences at the genetic level between EBV and KSHV from different cell lines. Further studies will generate herpesvirus genome sequences from clinical samples, including varicella, Kaposi’s sarcoma and nasopharyngeal carcinoma to investigate virus genetic diversity and pathogenic determinants.  http://www.sanger.ac.uk/resources/downloads/viruses/herpesviridae-lymphocryptovirus  http://www.sanger.ac.uk/resources/downloads/viruses/herpesviridae-rhadinovirus  http://www.sanger.ac.uk/resources/downloads/viruses/herpesviridae-simplexvirus"	"PMC:11943181,8235469"	"ERS074871"	"WGS"	"SC"	"ERX218576"	"SAMEA1709546"	"Human alphaherpesvirus 3"	"-81.04537"	"33.99882"	"INSDC center name"	""	""	""	""	""	""	""	""	""	"32"	"266318"	"1161"	"9248479"	"33"	"1541391"	"543"	"53641468"	"Illumina HiSeq 2000"	"PAIRED"	"RANDOM"	"GENOMIC"	"2674247"	"ILLUMINA"	"ERP001026"	"2013-06-13T00:00:00"	"1274"	"200"	"1802"	""	""	"37"	"0.98"	"1"	"0.6"	"1"
"ERR244060"	"1"	"PRJEB2768"	"SAMEA1709613"	"Herpesvirus_whole_genome_sequencing"	"Very little is known about genome diversity of herpesviruses and there are currently very few genome sequences in Genbank. Whole genome sequencing of large DNA viruses is complicated by the difficulty in separating virus DNA from human DNA. In this project we will address this issue by using Agilent SureSelect technology and Illumina deep sequencing to sequence several members of the herpesvirus family, including Epstein Barr virus (EBV, HHV4), Kaposi’s sarcoma associated herpesvirus (KSHV, HHV8) and varicella zoster virus (VZV, HHV3). We have designed custom baits to the available reference sequences and will use these to pull out virus sequence from host DNA and then Illumina sequence the captured virus DNA. The short read data will be assembled into a genome consensus sequence for each virus and importantly, allow analysis of virus minority species, which may be important for pathogenesis.  We will use a range of samples including DNA from cell lines latently infected with either EBV or KSHV or both viruses. These data will enable an initial estimation of genome diversity and highlight differences at the genetic level between EBV and KSHV from different cell lines. Further studies will generate herpesvirus genome sequences from clinical samples, including varicella, Kaposi’s sarcoma and nasopharyngeal carcinoma to investigate virus genetic diversity and pathogenic determinants.  http://www.sanger.ac.uk/resources/downloads/viruses/herpesviridae-lymphocryptovirus  http://www.sanger.ac.uk/resources/downloads/viruses/herpesviridae-rhadinovirus  http://www.sanger.ac.uk/resources/downloads/viruses/herpesviridae-simplexvirus"	"PMC:11943181,8235469"	"ERS074889"	"WGS"	"SC"	"ERX218594"	"SAMEA1709613"	"Human alphaherpesvirus 3"	"-81.04537"	"33.99882"	"INSDC center name"	""	""	""	""	""	""	""	""	""	"60"	"29144"	"3534"	"1650596"	"36"	"453495"	"763"	"19397633"	"Illumina HiSeq 2000"	"PAIRED"	"RANDOM"	"GENOMIC"	"2674289"	"ILLUMINA"	"ERP001026"	"2013-06-13T00:00:00"	"316"	"200"	"494"	""	""	"37"	"0.98"	"1"	"0.6"	"1"
"ERR244069"	"1"	"PRJEB2768"	"SAMEA1709536"	"Herpesvirus_whole_genome_sequencing"	"Very little is known about genome diversity of herpesviruses and there are currently very few genome sequences in Genbank. Whole genome sequencing of large DNA viruses is complicated by the difficulty in separating virus DNA from human DNA. In this project we will address this issue by using Agilent SureSelect technology and Illumina deep sequencing to sequence several members of the herpesvirus family, including Epstein Barr virus (EBV, HHV4), Kaposi’s sarcoma associated herpesvirus (KSHV, HHV8) and varicella zoster virus (VZV, HHV3). We have designed custom baits to the available reference sequences and will use these to pull out virus sequence from host DNA and then Illumina sequence the captured virus DNA. The short read data will be assembled into a genome consensus sequence for each virus and importantly, allow analysis of virus minority species, which may be important for pathogenesis.  We will use a range of samples including DNA from cell lines latently infected with either EBV or KSHV or both viruses. These data will enable an initial estimation of genome diversity and highlight differences at the genetic level between EBV and KSHV from different cell lines. Further studies will generate herpesvirus genome sequences from clinical samples, including varicella, Kaposi’s sarcoma and nasopharyngeal carcinoma to investigate virus genetic diversity and pathogenic determinants.  http://www.sanger.ac.uk/resources/downloads/viruses/herpesviridae-lymphocryptovirus  http://www.sanger.ac.uk/resources/downloads/viruses/herpesviridae-rhadinovirus  http://www.sanger.ac.uk/resources/downloads/viruses/herpesviridae-simplexvirus"	"PMC:11943181,8235469"	"ERS074865"	"WGS"	"SC"	"ERX218603"	"SAMEA1709536"	"Human alphaherpesvirus 3"	"-81.04537"	"33.99882"	"INSDC center name"	""	""	""	""	""	""	""	""	""	"34"	"22108"	"700"	"853333"	"39"	"443797"	"496"	"17326975"	"Illumina HiSeq 2000"	"PAIRED"	"RANDOM"	"GENOMIC"	"2674241"	"ILLUMINA"	"ERP001026"	"2013-06-13T00:00:00"	"248"	"200"	"527"	""	""	"37"	"0.98"	"1"	"0.6"	"1"
"SRR157491"	"1"	""	"SAMN00254026"	""	""	""	"SRS183295"	"WGS"	"UCL"	"SRX052997"	"VZV strain 79A"	"Human herpesvirus 3"	""	""	""	""	""	""	""	""	""	""	""	""	"45"	"18678"	"3128"	"861329"	"39"	"1185080"	"687"	"47774267"	"Illumina Genome Analyzer IIx"	"PAIRED"	"PCR"	"GENOMIC"	"79A"	"ILLUMINA"	"SRP006178"	"2012-01-18T00:00:00"	"995"	"108"	"1692"	""	""	"0"	""	""	""	""
"ERR244051"	"1"	"PRJEB2768"	"SAMEA1709570"	"Herpesvirus_whole_genome_sequencing"	"Very little is known about genome diversity of herpesviruses and there are currently very few genome sequences in Genbank. Whole genome sequencing of large DNA viruses is complicated by the difficulty in separating virus DNA from human DNA. In this project we will address this issue by using Agilent SureSelect technology and Illumina deep sequencing to sequence several members of the herpesvirus family, including Epstein Barr virus (EBV, HHV4), Kaposi’s sarcoma associated herpesvirus (KSHV, HHV8) and varicella zoster virus (VZV, HHV3). We have designed custom baits to the available reference sequences and will use these to pull out virus sequence from host DNA and then Illumina sequence the captured virus DNA. The short read data will be assembled into a genome consensus sequence for each virus and importantly, allow analysis of virus minority species, which may be important for pathogenesis.  We will use a range of samples including DNA from cell lines latently infected with either EBV or KSHV or both viruses. These data will enable an initial estimation of genome diversity and highlight differences at the genetic level between EBV and KSHV from different cell lines. Further studies will generate herpesvirus genome sequences from clinical samples, including varicella, Kaposi’s sarcoma and nasopharyngeal carcinoma to investigate virus genetic diversity and pathogenic determinants.  http://www.sanger.ac.uk/resources/downloads/viruses/herpesviridae-lymphocryptovirus  http://www.sanger.ac.uk/resources/downloads/viruses/herpesviridae-rhadinovirus  http://www.sanger.ac.uk/resources/downloads/viruses/herpesviridae-simplexvirus"	"PMC:11943181,8235469"	"ERS074880"	"WGS"	"SC"	"ERX218585"	"SAMEA1709570"	"Human alphaherpesvirus 3"	"-81.04537"	"33.99882"	"INSDC center name"	""	""	""	""	""	""	""	""	""	"41"	"24686"	"1760"	"1178458"	"35"	"1240178"	"737"	"47275025"	"Illumina HiSeq 2000"	"PAIRED"	"RANDOM"	"GENOMIC"	"2674272"	"ILLUMINA"	"ERP001026"	"2013-06-13T00:00:00"	"1233"	"200"	"2639"	""	""	"37"	"0.98"	"1"	"0.6"	"1"
"ERR244040"	"1"	"PRJEB2768"	"SAMEA1709612"	"Herpesvirus_whole_genome_sequencing"	"Very little is known about genome diversity of herpesviruses and there are currently very few genome sequences in Genbank. Whole genome sequencing of large DNA viruses is complicated by the difficulty in separating virus DNA from human DNA. In this project we will address this issue by using Agilent SureSelect technology and Illumina deep sequencing to sequence several members of the herpesvirus family, including Epstein Barr virus (EBV, HHV4), Kaposi’s sarcoma associated herpesvirus (KSHV, HHV8) and varicella zoster virus (VZV, HHV3). We have designed custom baits to the available reference sequences and will use these to pull out virus sequence from host DNA and then Illumina sequence the captured virus DNA. The short read data will be assembled into a genome consensus sequence for each virus and importantly, allow analysis of virus minority species, which may be important for pathogenesis.  We will use a range of samples including DNA from cell lines latently infected with either EBV or KSHV or both viruses. These data will enable an initial estimation of genome diversity and highlight differences at the genetic level between EBV and KSHV from different cell lines. Further studies will generate herpesvirus genome sequences from clinical samples, including varicella, Kaposi’s sarcoma and nasopharyngeal carcinoma to investigate virus genetic diversity and pathogenic determinants.  http://www.sanger.ac.uk/resources/downloads/viruses/herpesviridae-lymphocryptovirus  http://www.sanger.ac.uk/resources/downloads/viruses/herpesviridae-rhadinovirus  http://www.sanger.ac.uk/resources/downloads/viruses/herpesviridae-simplexvirus"	"PMC:11943181,8235469"	"ERS074862"	"WGS"	"SC"	"ERX218574"	"SAMEA1709612"	"human gammaherpesvirus 4"	"-81.04537"	"33.99882"	"INSDC center name"	""	""	""	""	""	""	""	""	""	"87"	"11123"	"7767"	"773120"	"36"	"620690"	"442"	"23870396"	"Illumina HiSeq 2000"	"PAIRED"	"RANDOM"	"GENOMIC"	"2674238"	"ILLUMINA"	"ERP001026"	"2013-03-23T00:00:00"	"271"	"200"	"452"	""	""	"37"	"0.98"	"1"	"0.6"	"1"
"ERR6150240"	"1"	"PRJEB45678"	"SAMEA8946462"	"A Variant allele in Varicella-Zoster Virus Glycoprotein B, Selected during Production of the Varicella Vaccine, Contributes to its Attenuation"	"Attenuation of the live varicella Oka vaccine (vOka) has been attributed to mutations in the genome acquired during cell culture passage of pOka (parent strain); however, the precise mechanisms of attenuation remain unknown. Comparative sequence analyses of several vaccine batches showed that over 100 single-nucleotide polymorphisms (SNPs) are conserved across all vaccine batches; six SNPs are fixed or nearly fixed, suggesting that these SNPs are responsible for attenuation. By contrast, prior analysis of chimeric vOka and pOka recombinants indicates that loci other than these six SNPs contribute to attenuation. Here, we report that pOka consists of a heterogenous population of virus sequences with two nearly equally represented bases, G or A, at nucleotide 2096 of ORF31 which encodes glycoprotein B (gB) resulting in arginine (R) or glutamine (Q), respectively, at amino acid 699 of gB. While 2096A/699Q is dominant in vOka (99.99 to 100%). gB699Q/gH/gL showed significantly less fusion activity than gB699R/gH/gL in a cell-based fusion assay. Recombinant pOka with gB-669Q (rpOka-gB699Q) had a similar growth phenotype as vOka during lytic infection in cell culture; however, rpOka-gB699R showed a growth phenotype similar to pOka. rpOka-gB699R entered neurons from axonal terminals more efficiently than rpOka-gB699Q in the presence of cell membrane-derived vesicles containing gB. Strikingly, when a mixture of pOka with both alleles equally represented was used to infect human neurons from axon terminals, pOka with gB699R was dominant for virus entry. These results identify a variant allele in gB that contributes to attenuation of vOka."	"PMC:9426484"	"ERS6629236"	"WGS"	"NEW YORK UNIVERSITY SCHOOL OF MEDICINE"	"ERX5787064"	"SAMEA8946462"	"Human alphaherpesvirus 3"	"-73.9743"	"40.7423"	"INSDC center name"	""	""	""	""	""	""	""	""	""	"183"	"407557"	"8404"	"50653778"	"104"	"2016974"	"660"	"136500797"	"NextSeq 550"	"PAIRED"	"RANDOM"	"GENOMIC"	"pOka_14d_latency_rep1"	"ILLUMINA"	"ERP129818"	"2021-10-04T00:00:00"	"268"	"351"	"466"	""	""	"22"	"0.98"	"1"	"0.66"	"1"
"SRR8069691"	"1"	"PRJNA497243"	"SAMN10251233"	"RNA-Sequencing data of Varicella Zoster Virus (VZV)-infected human dermal fibroblasts (HDF)"	"RNA profiles of HDF infected with various VZV strains were generated by High-throughput sequencing using Illumina Hi-seq 2500Overall design: Investigation of host immune response differences in response to infection with clinical VZV and vaccine VZV."	"PubMed:31658769"	"SRS3944509"	"RNA-Seq"	"GEO"	"SRX4897983"	"GSM3433679"	"Homo sapiens"	""	""	""	""	""	""	""	""	""	""	""	""	"842"	"247915"	"12525"	"55106664"	"57"	"3466567"	"5109"	"193728823"	"Illumina HiSeq 2500"	"PAIRED"	"cDNA"	"TRANSCRIPTOMIC"	""	"ILLUMINA"	"SRP165984"	"2018-10-19T00:00:00"	"2274"	"202"	"4532"	""	""	"0"	""	""	""	""
"SRR7754050"	"1"	"PRJNA324581"	"SAMN05713721"	"Clinical sequencing Metagenome Metagenomic assembly"	"Metagenomic sequencing of samplings from clinical infections. Sample types include stool, nasopharynx, skin, etc."	""	"SRS1658277"	"WGS"	"WASHINGTON UNIVERSITY SCHOOL OF MEDICINE"	"SRX4609941"	"H_LA-CC19.4-1"	"viral metagenome"	"-90.19956"	"38.62775"	"geo_loc_name"	"{""geo_loc_name_sam"": [-90.19956, 38.62775], ""geo_loc_name_country_calc"": [""-77.03196"", ""38.89036""]}"	""	""	""	""	""	""	""	""	"151"	"5282"	"2539"	"392349"	"34"	"145726"	"1034"	"5729500"	"Illumina HiSeq 2500"	"PAIRED"	"RANDOM"	"METAGENOMIC"	"H_LA-CC19.4-1"	"ILLUMINA"	"SRP083744"	"2018-08-24T00:00:00"	"35"	"118"	"98"	"Metagenome or environmental"	""	"7"	"0.87"	"1"	"0.53"	"1"
"ERR2182872"	"1"	"PRJEB23238"	"SAMEA104360601"	"A unique spliced varicella-zoster virus latency transcript represses expression of the viral transactivator gene 61"	"During primary infection, neurotropic alphaherpesviruses (αHVs) gain access to neurons in sensory and cranial ganglia establishing lifelong latent infection from which they can later reactivate to cause debilitating disease. For most αHVs, including the best-studied herpes simplex type 1 ( HSV-1), viral latency is characterized by expression of a single or restricted set of transcripts that map antisense to the open reading frame (ORF) homologous to the major HSV immediate early viral transactivator, ICP0. These latency transcripts, either directly or through encoded miRNAs or proteins, repress expression of the ICP0 orthologues. The exception is varicella-zoster virus (VZV), an αHV which infects over 90% of adults and for which neither a canonical latency transcript1, nor a putative mechanism for repressing lytic transcription during latency have been identified. Here, we describe the discovery and functional characterization of a VZV latency transcript (VLT), that maps antisense to VZV ORF 61 (the VZV ICP0 homologue9,10), and which is consistently expressed in neurons of latently infected human trigeminal ganglia (TG). VLT encodes a protein with late kinetics during lytic VZV infection in vitro and in zoster skin lesions. Whereas multiple alternatively spliced VLT isoforms are expressed during lytic VZV infection, a single unique VLT isoform that specifically suppresses ORF61 gene expression predominates in latently VZV-infected human TG. The discovery of VLT directly unifies the latent VZV transcription program with those of better-characterized αHVs, removing longstanding barriers to understanding VZV latency and paving the way for research into the development of vaccines that do not establish latency or reactivate, and drugs that eradicate latent VZV."	"PMC:5862956"	"ERS1985579"	"RNA-Seq"	"UNIVERSITY COLLEGE LONDON"	"ERX2239039"	"SAMEA104360601"	"Homo sapiens"	"-0.13466"	"51.52462"	"INSDC center name"	""	""	""	""	""	""	""	""	""	"263"	"2870"	"3570"	"421797"	"34"	"4609967"	"177"	"157949584"	"NextSeq 550"	"PAIRED"	"unspecified"	"TRANSCRIPTOMIC"	"unspecified"	"ILLUMINA"	"ERP104977"	"2017-12-28T00:00:00"	"1271"	"68"	"2993"	""	""	"12"	"1"	"1"	"1"	"1"
"ERR338419"	"1"	"PRJEB4204"	"SAMEA2148322"	"VZV infection of primary keratinocytes"	"Our aim was to investigate the interaction between epidermal differentiation and VZV infection.  By means of a calcium-induced keratinocyte differentiation model and RNA-seq we show VZV infection has a profound effect on differentiating keratinocytes and hijacks the normal process of epidermal gene expression to generate a signature resembling patterns of gene expression seen in both heritable and acquired skin-blistering disorders.  Analysis of the viral transcriptome provides evidence that VZV replication in skin is tightly linked to differentiation and critically, that late viral gene expression is associated with cellular differentiation.  The experiment was performed on human primary keratinocytes under four conditions: undifferentiated/uninfected,  uninfected/differentiated, VZV-infected/undifferentiated and VZV-infected/differentiated."	""	"ERS317043"	"RNA-Seq"	"UCL-Gen"	"ERX278719"	"SAMEA2148322"	"Homo sapiens"	"-0.13466"	"51.52462"	"INSDC center name"	""	""	""	""	""	""	""	""	""	"286"	"8462"	"3346"	"1390322"	"36"	"2513051"	"326"	"90468962"	"Illumina Genome Analyzer IIx"	"PAIRED"	"cDNA"	"TRANSCRIPTOMIC"	"KCV3"	"ILLUMINA"	"ERP003467"	"2014-05-30T00:00:00"	"836"	"65"	"1202"	""	""	"12"	"1"	"1"	"1"	"1"
"SRR15524190"	"1"	"PRJNA734644"	"SAMN20822609"	"Raw sequence reads for human plasma cfDNA samples positive with multiple DNA viruses"	"Fragment size-based enrichment of viral sequences in plasma cell-free DNA"	"PMC:9127460"	"SRS9837247"	"WGS"	"UNIVERSITY OF WASHINGTON"	"SRX11822969"	"VZV062"	"Human alphaherpesvirus 3"	"-122.32945"	"47.60357"	"geo_loc_name_sam"	"{""geo_loc_name_country_calc"": [-77.03196, 38.89036], ""geo_loc_name"": [""-122.32945"", ""47.60357""]}"	""	""	""	""	""	""	""	""	"32"	"646140"	"3220"	"23965151"	"46"	"30598193"	"542"	"1312642677"	"NextSeq 550"	"PAIRED"	"RANDOM"	"GENOMIC"	"=LEFT(L33,FIND(""_"",L33)-1)"	"ILLUMINA"	"SRP333243"	"2021-08-19T00:00:00"	"1594"	"102"	"5130"	"Pathogen.cl"	""	"7"	"0.92"	"1"	"0.53"	"1"
"ERR6150242"	"1"	"PRJEB45678"	"SAMEA8946462"	"A Variant allele in Varicella-Zoster Virus Glycoprotein B, Selected during Production of the Varicella Vaccine, Contributes to its Attenuation"	"Attenuation of the live varicella Oka vaccine (vOka) has been attributed to mutations in the genome acquired during cell culture passage of pOka (parent strain); however, the precise mechanisms of attenuation remain unknown. Comparative sequence analyses of several vaccine batches showed that over 100 single-nucleotide polymorphisms (SNPs) are conserved across all vaccine batches; six SNPs are fixed or nearly fixed, suggesting that these SNPs are responsible for attenuation. By contrast, prior analysis of chimeric vOka and pOka recombinants indicates that loci other than these six SNPs contribute to attenuation. Here, we report that pOka consists of a heterogenous population of virus sequences with two nearly equally represented bases, G or A, at nucleotide 2096 of ORF31 which encodes glycoprotein B (gB) resulting in arginine (R) or glutamine (Q), respectively, at amino acid 699 of gB. While 2096A/699Q is dominant in vOka (99.99 to 100%). gB699Q/gH/gL showed significantly less fusion activity than gB699R/gH/gL in a cell-based fusion assay. Recombinant pOka with gB-669Q (rpOka-gB699Q) had a similar growth phenotype as vOka during lytic infection in cell culture; however, rpOka-gB699R showed a growth phenotype similar to pOka. rpOka-gB699R entered neurons from axonal terminals more efficiently than rpOka-gB699Q in the presence of cell membrane-derived vesicles containing gB. Strikingly, when a mixture of pOka with both alleles equally represented was used to infect human neurons from axon terminals, pOka with gB699R was dominant for virus entry. These results identify a variant allele in gB that contributes to attenuation of vOka."	"PMC:9426484"	"ERS6629236"	"WGS"	"NEW YORK UNIVERSITY SCHOOL OF MEDICINE"	"ERX5787066"	"SAMEA8946462"	"Human alphaherpesvirus 3"	"-73.9743"	"40.7423"	"INSDC center name"	""	""	""	""	""	""	""	""	""	"178"	"157923"	"4747"	"17231042"	"61"	"893432"	"2267"	"54168068"	"NextSeq 550"	"PAIRED"	"RANDOM"	"GENOMIC"	"pOka_14d_latency_rep3"	"ILLUMINA"	"ERP129818"	"2021-10-04T00:00:00"	"324"	"371"	"552"	""	""	"22"	"0.98"	"1"	"0.66"	"1"
"SRR23991659"	"1"	"PRJNA949617"	"SAMN33950834"	"Lack of strong innate immune reactivity renders macrophages alone unable to control productive Varicella-Zoster Virus infection in an isogenic human iPSC-derived neuronal co-culture model."	"With Varicella-Zoster Virus (VZV) being an exclusive human pathogen, human induced pluripotent stem cell (hiPSC)-derived neural cell culture models are an emerging tool to investigate VZV neuro-immune interactions. Using a compartmentalized hiPSC-derived neuronal model allowing axonal VZV infection, we previously demonstrated that paracrine interferon (IFN)-α2 signalling is required to activate a broad spectrum of interferon-stimulated genes able to counteract a productive VZV infection in hiPSC-neurons. In this new study, we now investigated whether innate immune signalling by VZV-challenged macrophages was able to orchestrate an antiviral immune response in VZV-infected hiPSC-neurons. In order to establish an isogenic hiPSC-neuron / hiPSC-macrophage co-culture model, hiPSC-macrophages were generated and characterised for phenotype, gene expression, cytokine production and phagocytic capacity. Even though immunological competence of hiPSC-macrophages was shown following stimulation with the VZV mimic poly(dA:dT) or treatment with IFN-α2, hiPSC-macrophages in co-culture with VZV-infected hiPSC-neurons were unable to mount an antiviral immune response capable of suppressing a productive neuronal VZV infection. Subsequently, a comprehensive RNA-Seq analysis confirmed the lack of strong immune responsiveness by hiPSC-neurons and hiPSC-macrophages upon, respectively, VZV infection or challenge. This may suggest the need of other cell types, like T-cells or other innate immune cells, to (co-)orchestrate an efficient antiviral immune response against VZV-infected neurons.Overall design: We generated bulk RNA-seq samples from both hiPSC-neurons and hiPSC-macrophages, stimulated with the pro-inflammatory pdAT or cell-free VZV-eGFP/ORF23."	"PubMed:37287975"	"SRS17157613"	"RNA-Seq"	"VACCINE AND INFECTIOUS DISEASE INSTITUTE (VAXINFECTIO), UNIVERSITY OF ANTWERP"	"SRX19795191"	"GSM7120117"	"Homo sapiens"	""	""	""	""	""	""	""	""	""	""	""	""	"32"	"452610"	"647"	"15980944"	"32"	"1852409"	"486"	"66385543"	"NextSeq 500"	"SINGLE"	"cDNA"	"TRANSCRIPTOMIC"	"GSM7120117"	"ILLUMINA"	"SRP429741"	"2023-04-19T00:00:00"	"108"	"148"	"253"	""	""	"0"	""	""	""	""
"SRR9117222"	"1"	"PRJNA544406"	"SAMN11835503"	"Oryza sativa Japonica Group cultivar:Nipponbare Raw sequence reads"	"Seed early germination(0h-8h)"	""	"SRS4813000"	"RNA-Seq"	"SOUTH CHINA AGRICULTURAL UNIVERSITY"	"SRX5891279"	"Wild type"	"Oryza sativa Japonica Group"	"139.69172"	"35.6895"	"geo_loc_name_sam"	"{""geo_loc_name_country_calc"": [139.69172, 35.6895], ""geo_loc_name"": [""139.69172"", ""35.6895""]}"	""	""	""	""	"seed"	"tissue"	"seed"	"BTO_0001226"	"200"	"1084839"	"5079"	"85334845"	"38"	"10181298"	"2068"	"438981985"	"Illumina HiSeq 2500"	"PAIRED"	"RANDOM PCR"	"TRANSCRIPTOMIC"	"WT_0h_2"	"ILLUMINA"	"SRP199386"	"2019-05-24T00:00:00"	"4134"	"300"	"10800"	"Plant"	""	"3"	"0.88"	"1"	"0.64"	"1"
"ERR4279421"	"1"	"PRJEB38829"	"SAMEA6999492"	"Decoding the architecture of the varicella-zoster virus transcriptome"	"Varicella-zoster virus (VZV), a double-stranded DNA virus, causes varicella, establishes lifelong latency in ganglionic neurons, and reactivates later in life to cause herpes zoster, commonly associated with chronic pain. The VZV genome is densely packed and produces multitudes of overlapping transcripts deriving from both strands. While 71 distinct open reading frames (ORFs) have thus far been experimentally defined, the full coding potential of VZV remains unknown. Here, we integrated multiple short-read RNA sequencing approaches with long-read direct RNA sequencing on RNA isolated from VZV-infected cells to provide a comprehensive reannotation of the lytic VZV transcriptome architecture. Through precise mapping of transcription start sites, splice junctions, and polyadenylation sites, we identified 136 distinct polyadenylated VZV RNAs that encode canonical ORFs, non-canonical ORFs, and ORF fusions, as well as putative non-coding RNAs (ncRNAs). Furthermore, we determined the kinetic class of all VZV transcripts and observed, unexpectedly, that transcripts encoding the ORF62 protein, previously designated as immediate-early, were expressed with late kinetics. Our work showcases the complexity of the VZV transcriptome and provides a comprehensive resource that will facilitate future functional studies of coding RNAs, ncRNAs, and the biological mechanisms underlying the regulation of viral transcription and translation during lytic VZV infection."	"PMC:7542360"	"ERS4767573"	"RNA-Seq"	"NEW YORK UNIVERSITY SCHOOL OF MEDICINE"	"ERX4232518"	"SAMEA6999492"	"Human alphaherpesvirus 3"	"-73.9743"	"40.7423"	"INSDC center name"	""	""	""	""	""	""	""	""	""	"265"	"905303"	"7995"	"110916320"	"46"	"9641261"	"2119"	"457047081"	"Illumina HiSeq 4000"	"PAIRED"	"Oligo-dT"	"TRANSCRIPTOMIC"	"EMC1-ARPE19-PAA-24-RNASeq"	"ILLUMINA"	"ERP122280"	"2020-08-01T00:00:00"	"2043"	"302"	"6918"	""	""	"22"	"0.98"	"1"	"0.66"	"1"
"SRR15524206"	"1"	"PRJNA734644"	"SAMN20822609"	"Raw sequence reads for human plasma cfDNA samples positive with multiple DNA viruses"	"Fragment size-based enrichment of viral sequences in plasma cell-free DNA"	"PMC:9127460"	"SRS9837247"	"WGS"	"UNIVERSITY OF WASHINGTON"	"SRX11822955"	"VZV062"	"Human alphaherpesvirus 3"	"-122.32945"	"47.60357"	"geo_loc_name_sam"	"{""geo_loc_name_country_calc"": [-77.03196, 38.89036], ""geo_loc_name"": [""-122.32945"", ""47.60357""]}"	""	""	""	""	""	""	""	""	"33"	"77320"	"4041"	"2972161"	"40"	"4153271"	"913"	"163464824"	"NextSeq 550"	"PAIRED"	"RANDOM"	"GENOMIC"	"=LEFT(L21,FIND(""_"",L21)-1)"	"ILLUMINA"	"SRP333243"	"2021-08-19T00:00:00"	"465"	"102"	"1589"	"Pathogen.cl"	""	"7"	"0.92"	"1"	"0.53"	"1"
"SRR4019636"	"1"	"PRJNA338650"	"SAMN05560317"	"Cell responses to dysregulated VZV-induced cell-cell fusion"	"The highly conserved herpesvirus glycoprotein complex, gB/gH-gL, mediates membrane fusion during virion entry and cell-cell fusion.  Varicella-zoster virus (VZV) characteristically forms multi-nucleated cells, or syncytia, during the infection of human tissues but little is known about this process.  The cytoplasmic domain of VZV gB (gBcyt) has been implicated in cell-cell fusion regulation because a gB[Y881F] substitution causes hyperfusion.  The gBcyt regulation is necessary for VZV pathogenesis as the hyperfusogenic mutant gB[Y881F] is severely attenuated in human skin xenografts.  In this study, gBcyt regulated fusion was investigated by comparing melanoma cells infected with wild type-like VZV or hyperfusogenic mutants.  The gB[Y881F] mutant exhibited dramatically accelerated syncytia formation in melanoma cells caused by fusion of infected cells with many uninfected cells, increased cytoskeleton reorganization and rapid displacement of nuclei to dense central structures when compared to pOka using live cell confocal microscopy.  VZV and human transcriptomes were concurrently investigated using RNA-seq to identify viral and cellular responses induced when the gBcyt regulation was disrupted by the gB[Y881F] substitution.  The expression of four vital VZV genes, ORF61 and glycoproteins, gC, gE and gI, was significantly reduced at 36 hours post infection for the hyperfusogenic mutants.  Importantly, hierarchical clustering demonstrated an association of differential gene expression with dysregulated gBcyt-mediated fusion.  A subset of Ras GTPase genes linked to membrane remodeling were upregulated in cells infected with the hyperfusogenic mutants.  These data implicate the gBcyt in the regulation gB fusion function that, if unmodulated, triggers cellular processes leading to hyperfusion that attenuates VZV infection.Overall design: Biological duplicates from 3 time points (12, 24 and 36 hours post infection) of uninfected MeWo cells or MeWo cells infected with varicella-zoster virus strain pOka or mutants gB[Y881F], gB[Y920F] or gB[Y881/920F]"	"PubMed:27795423"	"SRS1610280"	"RNA-Seq"	"GEO"	"SRX2013157"	"GSM2267770"	"Homo sapiens"	""	""	""	""	""	""	""	""	""	""	""	""	"482"	"45551"	"7414"	"11016262"	"53"	"850454"	"2479"	"49019665"	"Illumina HiSeq 2000"	"SINGLE"	"cDNA"	"TRANSCRIPTOMIC"	""	"ILLUMINA"	"SRP081284"	"2017-03-01T00:00:00"	"496"	"51"	"776"	""	""	"0"	""	""	""	""
"SRR10017916"	"1"	"PRJNA561812"	"SAMN12628646"	"Kallikrein-mediated cytokeratin 10 degradation is required for VZV propagation in skin"	"Varicella Zoster Virus (VZV) is a skin-tropic virus that infects epidermal keratinocytes and causes chickenpox. Although common, VZV infection can be life-threatening particularly in the immunocompromised. Therefore, understanding VZV-keratinocyte interactions is important to find new treatments beyond vaccination and anti-viral drugs. In VZV- infected skin, Kallikrein 6 (KLK6), and the ubiquitin-ligase MDM2 are up-regulated concomitant with Keratin 10 (K10) down-regulation. MDM2 binds to K10 targeting it for degradation via the ubiquitin-proteasome pathway. Preventing K10 degradation reduced VZV propagation in culture and prevented epidermal disruption in skin explants. K10 knockdown induced expression of the nuclear receptor subfamily 4, group A, member 1 (NR4A1) and enhanced viral propagation in culture. NR4A1 knockdown prevented viral propagation in culture, reduced LC3 levels and increased LAMP2 expression. We therefore describe a novel drug-able pathway whereby MDM2 ubiquitinates and degrades K10 increasing NR4A1 expression allowing VZV replication and propagation."	""	"SRS5304777"	"RNA-Seq"	"UCL"	"SRX6755696"	"MeWo"	"Homo sapiens"	""	""	""	""	""	""	""	""	"skin"	"tissue"	"skin"	"BTO_0001253"	"337"	"44403"	"6207"	"8986304"	"41"	"3759188"	"916"	"157392695"	"NextSeq 550"	"PAIRED"	"Oligo-dT"	"TRANSCRIPTOMIC"	"pOka-V24-Nut3-1"	"ILLUMINA"	"SRP219194"	"2019-08-26T00:00:00"	"941"	"83"	"2303"	"Human"	""	"0"	""	""	""	""
"ERR244036"	"1"	"PRJEB2768"	"SAMEA1709573"	"Herpesvirus_whole_genome_sequencing"	"Very little is known about genome diversity of herpesviruses and there are currently very few genome sequences in Genbank. Whole genome sequencing of large DNA viruses is complicated by the difficulty in separating virus DNA from human DNA. In this project we will address this issue by using Agilent SureSelect technology and Illumina deep sequencing to sequence several members of the herpesvirus family, including Epstein Barr virus (EBV, HHV4), Kaposi’s sarcoma associated herpesvirus (KSHV, HHV8) and varicella zoster virus (VZV, HHV3). We have designed custom baits to the available reference sequences and will use these to pull out virus sequence from host DNA and then Illumina sequence the captured virus DNA. The short read data will be assembled into a genome consensus sequence for each virus and importantly, allow analysis of virus minority species, which may be important for pathogenesis.  We will use a range of samples including DNA from cell lines latently infected with either EBV or KSHV or both viruses. These data will enable an initial estimation of genome diversity and highlight differences at the genetic level between EBV and KSHV from different cell lines. Further studies will generate herpesvirus genome sequences from clinical samples, including varicella, Kaposi’s sarcoma and nasopharyngeal carcinoma to investigate virus genetic diversity and pathogenic determinants.  http://www.sanger.ac.uk/resources/downloads/viruses/herpesviridae-lymphocryptovirus  http://www.sanger.ac.uk/resources/downloads/viruses/herpesviridae-rhadinovirus  http://www.sanger.ac.uk/resources/downloads/viruses/herpesviridae-simplexvirus"	"PMC:11943181,8235469"	"ERS074858"	"WGS"	"SC"	"ERX218570"	"SAMEA1709573"	"Human alphaherpesvirus 3"	"-81.04537"	"33.99882"	"INSDC center name"	""	""	""	""	""	""	""	""	""	"38"	"32239"	"3145"	"1417671"	"35"	"1935864"	"650"	"73280154"	"Illumina HiSeq 2000"	"PAIRED"	"RANDOM"	"GENOMIC"	"2674234"	"ILLUMINA"	"ERP001026"	"2013-06-13T00:00:00"	"1706"	"200"	"3251"	""	""	"37"	"0.98"	"1"	"0.6"	"1"
"SRR24880921"	"1"	"PRJNA981662"	"SAMN35682341"	"Metagenome sequencing of skin lesions"	"The objective of this study was to do metagenomic sequencing of sample collected from skin lesions of the patient in Pakistan."	""	"SRS17942818"	"WGS"	"NATIONAL INSTITUTE OF HEALTH"	"SRX20644360"	"NIH-PAK-MG1"	"Human alphaherpesvirus 3"	"73.48"	"32.57"	"lat_lon"	"{""geo_loc_name"": [73.07544, 33.70964], ""geo_loc_name_sam"": [73.07544, 33.70964], ""geo_loc_name_country_calc"": [""73.07544"", ""33.70964""]}"	""	""	""	""	""	""	""	""	"151"	"661629"	"40153"	"62099754"	"73"	"5849396"	"5374"	"345682511"	"Illumina iSeq 100"	"PAIRED"	"unspecified"	"METAGENOMIC"	"NIH-MG1"	"ILLUMINA"	"SRP441930"	"2023-06-09T00:00:00"	"425"	"286"	"1287"	"MIGS.vi, MIGS/MIMS/MIMARKS.human-skin"	"2023-04-18"	"1"	"1"	"1"	"1"	"1"
"SRR23244942"	"1"	"PRJNA928395"	"SAMN32930957"	"Gene expression based molecular test as diagnostic aid for the differential diagnosis of psoriasis and eczema in formalin fixed and paraffin embedded tissue, microbiopsies and tape strips"	"Development of a real-time PCR based molecular classifier to distinguish psoriasis from eczema in FFPE-fixed skin samples and evaluation of the use of minimally invasive microbiopsies and tape strips for molecular diagnosis.Overall design: Performing gene expression analysis using data obtained from RNA-seq of macrobiopsies and microbiopsies of eczema and psoriasis patients"	"PubMed:36889660"	"SRS16601520"	"RNA-Seq"	"ZAUM – CENTER OF ALLERGY AND ENVIRONMENT, TECHNICAL UNIVERSITY OF MUNICH AND HELMHOLTZ CENTER MUNICH"	"SRX19190955"	"GSM6996028"	"Homo sapiens"	""	""	""	""	"condition"	"psoriasis"	"psoriasis"	"DOID_8893"	""	""	""	""	"216"	"643561"	"8102"	"91100334"	"117"	"3571592"	"1853"	"279706202"	"Illumina HiSeq 4000"	"PAIRED"	"cDNA"	"TRANSCRIPTOMIC"	"GSM6996028"	"ILLUMINA"	"SRP419280"	"2023-03-01T00:00:00"	"532"	"272"	"1314"	""	""	"0"	""	""	""	""
"ERR338433"	"1"	"PRJEB4204"	"SAMEA2143838"	"VZV infection of primary keratinocytes"	"Our aim was to investigate the interaction between epidermal differentiation and VZV infection.  By means of a calcium-induced keratinocyte differentiation model and RNA-seq we show VZV infection has a profound effect on differentiating keratinocytes and hijacks the normal process of epidermal gene expression to generate a signature resembling patterns of gene expression seen in both heritable and acquired skin-blistering disorders.  Analysis of the viral transcriptome provides evidence that VZV replication in skin is tightly linked to differentiation and critically, that late viral gene expression is associated with cellular differentiation.  The experiment was performed on human primary keratinocytes under four conditions: undifferentiated/uninfected,  uninfected/differentiated, VZV-infected/undifferentiated and VZV-infected/differentiated."	""	"ERS317041"	"RNA-Seq"	"UCL-Gen"	"ERX278717"	"SAMEA2143838"	"Homo sapiens"	"-0.13466"	"51.52462"	"INSDC center name"	""	""	""	""	""	""	""	""	""	"297"	"7776"	"4154"	"1360058"	"36"	"2597278"	"282"	"93963842"	"Illumina Genome Analyzer IIx"	"PAIRED"	"cDNA"	"TRANSCRIPTOMIC"	"KCV1"	"ILLUMINA"	"ERP003467"	"2014-05-30T00:00:00"	"840"	"66"	"1243"	""	""	"12"	"1"	"1"	"1"	"1"
"SRR16554591"	"1"	"PRJNA773920"	"SAMN22544270"	"mNGS of subacute meningitis"	"HIV positive patients presenting with subacute meningitis in Uganda"	"PMC:8967864"	"SRS10704130"	"WGS"	"UNIVERSITY OF CALIFORNIA SAN FRANCISCO"	"SRX12756496"	"UG_SM_2_DNA_1442135-S"	"metagenome"	"32.58252"	"0.3476"	"lat_lon"	"{""geo_loc_name_sam"": [32.57501, 0.31589], ""geo_loc_name"": [32.57501, 0.31589], ""geo_loc_name_country_calc"": [""32.57501"", ""0.31589""]}"	""	""	""	""	""	""	""	""	"1762"	"734"	"14183"	"188784"	"42"	"41534"	"272"	"1794664"	"Illumina NovaSeq 6000"	"PAIRED"	"RANDOM"	"METAGENOMIC"	"Patient_5_DNA"	"ILLUMINA"	"SRP342912"	"2021-10-24T00:00:00"	"4"	"302"	"15"	"Metagenome or environmental"	"2018-03-01"	"3"	"0.96"	"1"	"0.89"	"1"
"SRR9118240"	"1"	"PRJNA543970"	"SAMN11793467"	"Mamestra brassicae Transcriptome or Gene expression"	"Transcriptional study of Mamestra brassicae during feeding on different host plants to study the differential gene expression while coping with a myriad of plant defences."	"PMC:9448971"	"SRS4813962"	"RNA-Seq"	"WAGENINGEN UNIVERSITY & RESEARCH"	"SRX5892277"	"Bra35-ZMA03"	"Mamestra brassicae"	"4.90787"	"52.36993"	"geo_loc_name"	"{""geo_loc_name_sam"": [4.90787, 52.36993], ""geo_loc_name_country_calc"": [""4.90787"", ""52.36993""]}"	""	""	""	""	""	""	""	""	"259"	"799141"	"9946"	"75088899"	"42"	"9623009"	"2784"	"423223311"	"Illumina HiSeq 4000"	"PAIRED"	"RANDOM PCR"	"TRANSCRIPTOMIC"	"Bra35"	"ILLUMINA"	"SRP199429"	"2022-09-13T00:00:00"	"4656"	"300"	"12135"	"Invertebrate"	"2019-03-24"	"3"	"0.87"	"1"	"0.7"	"0.91"
"SRR10017914"	"1"	"PRJNA561812"	"SAMN12628646"	"Kallikrein-mediated cytokeratin 10 degradation is required for VZV propagation in skin"	"Varicella Zoster Virus (VZV) is a skin-tropic virus that infects epidermal keratinocytes and causes chickenpox. Although common, VZV infection can be life-threatening particularly in the immunocompromised. Therefore, understanding VZV-keratinocyte interactions is important to find new treatments beyond vaccination and anti-viral drugs. In VZV- infected skin, Kallikrein 6 (KLK6), and the ubiquitin-ligase MDM2 are up-regulated concomitant with Keratin 10 (K10) down-regulation. MDM2 binds to K10 targeting it for degradation via the ubiquitin-proteasome pathway. Preventing K10 degradation reduced VZV propagation in culture and prevented epidermal disruption in skin explants. K10 knockdown induced expression of the nuclear receptor subfamily 4, group A, member 1 (NR4A1) and enhanced viral propagation in culture. NR4A1 knockdown prevented viral propagation in culture, reduced LC3 levels and increased LAMP2 expression. We therefore describe a novel drug-able pathway whereby MDM2 ubiquitinates and degrades K10 increasing NR4A1 expression allowing VZV replication and propagation."	""	"SRS5304777"	"RNA-Seq"	"UCL"	"SRX6755698"	"MeWo"	"Homo sapiens"	""	""	""	""	""	""	""	""	"skin"	"tissue"	"skin"	"BTO_0001253"	"337"	"47565"	"4522"	"9299905"	"41"	"3745507"	"716"	"156810230"	"NextSeq 550"	"PAIRED"	"Oligo-dT"	"TRANSCRIPTOMIC"	"pOka-V24-Nut3-3"	"ILLUMINA"	"SRP219194"	"2019-08-26T00:00:00"	"1001"	"83"	"2449"	"Human"	""	"0"	""	""	""	""
"ERR244052"	"1"	"PRJEB2768"	"SAMEA1709581"	"Herpesvirus_whole_genome_sequencing"	"Very little is known about genome diversity of herpesviruses and there are currently very few genome sequences in Genbank. Whole genome sequencing of large DNA viruses is complicated by the difficulty in separating virus DNA from human DNA. In this project we will address this issue by using Agilent SureSelect technology and Illumina deep sequencing to sequence several members of the herpesvirus family, including Epstein Barr virus (EBV, HHV4), Kaposi’s sarcoma associated herpesvirus (KSHV, HHV8) and varicella zoster virus (VZV, HHV3). We have designed custom baits to the available reference sequences and will use these to pull out virus sequence from host DNA and then Illumina sequence the captured virus DNA. The short read data will be assembled into a genome consensus sequence for each virus and importantly, allow analysis of virus minority species, which may be important for pathogenesis.  We will use a range of samples including DNA from cell lines latently infected with either EBV or KSHV or both viruses. These data will enable an initial estimation of genome diversity and highlight differences at the genetic level between EBV and KSHV from different cell lines. Further studies will generate herpesvirus genome sequences from clinical samples, including varicella, Kaposi’s sarcoma and nasopharyngeal carcinoma to investigate virus genetic diversity and pathogenic determinants.  http://www.sanger.ac.uk/resources/downloads/viruses/herpesviridae-lymphocryptovirus  http://www.sanger.ac.uk/resources/downloads/viruses/herpesviridae-rhadinovirus  http://www.sanger.ac.uk/resources/downloads/viruses/herpesviridae-simplexvirus"	"PMC:11943181,8235469"	"ERS074881"	"WGS"	"SC"	"ERX218586"	"SAMEA1709581"	"Human alphaherpesvirus 3"	"-81.04537"	"33.99882"	"INSDC center name"	""	""	""	""	""	""	""	""	""	"33"	"67756"	"842"	"2436591"	"35"	"1368067"	"277"	"51698483"	"Illumina HiSeq 2000"	"PAIRED"	"RANDOM"	"GENOMIC"	"2674273"	"ILLUMINA"	"ERP001026"	"2013-06-13T00:00:00"	"1205"	"200"	"2583"	""	""	"37"	"0.98"	"1"	"0.6"	"1"
"ERR244041"	"1"	"PRJEB2768"	"SAMEA1709562"	"Herpesvirus_whole_genome_sequencing"	"Very little is known about genome diversity of herpesviruses and there are currently very few genome sequences in Genbank. Whole genome sequencing of large DNA viruses is complicated by the difficulty in separating virus DNA from human DNA. In this project we will address this issue by using Agilent SureSelect technology and Illumina deep sequencing to sequence several members of the herpesvirus family, including Epstein Barr virus (EBV, HHV4), Kaposi’s sarcoma associated herpesvirus (KSHV, HHV8) and varicella zoster virus (VZV, HHV3). We have designed custom baits to the available reference sequences and will use these to pull out virus sequence from host DNA and then Illumina sequence the captured virus DNA. The short read data will be assembled into a genome consensus sequence for each virus and importantly, allow analysis of virus minority species, which may be important for pathogenesis.  We will use a range of samples including DNA from cell lines latently infected with either EBV or KSHV or both viruses. These data will enable an initial estimation of genome diversity and highlight differences at the genetic level between EBV and KSHV from different cell lines. Further studies will generate herpesvirus genome sequences from clinical samples, including varicella, Kaposi’s sarcoma and nasopharyngeal carcinoma to investigate virus genetic diversity and pathogenic determinants.  http://www.sanger.ac.uk/resources/downloads/viruses/herpesviridae-lymphocryptovirus  http://www.sanger.ac.uk/resources/downloads/viruses/herpesviridae-rhadinovirus  http://www.sanger.ac.uk/resources/downloads/viruses/herpesviridae-simplexvirus"	"PMC:11943181,8235469"	"ERS074870"	"WGS"	"SC"	"ERX218575"	"SAMEA1709562"	"Human alphaherpesvirus 3"	"-81.04537"	"33.99882"	"INSDC center name"	""	""	""	""	""	""	""	""	""	"36"	"542131"	"1435"	"23340522"	"34"	"6085743"	"463"	"223090695"	"Illumina HiSeq 2000"	"PAIRED"	"RANDOM"	"GENOMIC"	"2674246"	"ILLUMINA"	"ERP001026"	"2013-06-13T00:00:00"	"3667"	"200"	"5084"	""	""	"37"	"0.98"	"1"	"0.6"	"1"
"ERR2182873"	"1"	"PRJEB23238"	"SAMEA104360602"	"A unique spliced varicella-zoster virus latency transcript represses expression of the viral transactivator gene 61"	"During primary infection, neurotropic alphaherpesviruses (αHVs) gain access to neurons in sensory and cranial ganglia establishing lifelong latent infection from which they can later reactivate to cause debilitating disease. For most αHVs, including the best-studied herpes simplex type 1 ( HSV-1), viral latency is characterized by expression of a single or restricted set of transcripts that map antisense to the open reading frame (ORF) homologous to the major HSV immediate early viral transactivator, ICP0. These latency transcripts, either directly or through encoded miRNAs or proteins, repress expression of the ICP0 orthologues. The exception is varicella-zoster virus (VZV), an αHV which infects over 90% of adults and for which neither a canonical latency transcript1, nor a putative mechanism for repressing lytic transcription during latency have been identified. Here, we describe the discovery and functional characterization of a VZV latency transcript (VLT), that maps antisense to VZV ORF 61 (the VZV ICP0 homologue9,10), and which is consistently expressed in neurons of latently infected human trigeminal ganglia (TG). VLT encodes a protein with late kinetics during lytic VZV infection in vitro and in zoster skin lesions. Whereas multiple alternatively spliced VLT isoforms are expressed during lytic VZV infection, a single unique VLT isoform that specifically suppresses ORF61 gene expression predominates in latently VZV-infected human TG. The discovery of VLT directly unifies the latent VZV transcription program with those of better-characterized αHVs, removing longstanding barriers to understanding VZV latency and paving the way for research into the development of vaccines that do not establish latency or reactivate, and drugs that eradicate latent VZV."	"PMC:5862956"	"ERS1985580"	"RNA-Seq"	"UNIVERSITY COLLEGE LONDON"	"ERX2239040"	"SAMEA104360602"	"Homo sapiens"	"-0.13466"	"51.52462"	"INSDC center name"	""	""	""	""	""	""	""	""	""	"110"	"3035"	"898"	"218481"	"34"	"2201108"	"125"	"74651292"	"NextSeq 550"	"PAIRED"	"unspecified"	"TRANSCRIPTOMIC"	"unspecified"	"ILLUMINA"	"ERP104977"	"2017-12-28T00:00:00"	"1803"	"68"	"4278"	""	""	"12"	"1"	"1"	"1"	"1"
"ERR338426"	"1"	"PRJEB4204"	"SAMEA2153120"	"VZV infection of primary keratinocytes"	"Our aim was to investigate the interaction between epidermal differentiation and VZV infection.  By means of a calcium-induced keratinocyte differentiation model and RNA-seq we show VZV infection has a profound effect on differentiating keratinocytes and hijacks the normal process of epidermal gene expression to generate a signature resembling patterns of gene expression seen in both heritable and acquired skin-blistering disorders.  Analysis of the viral transcriptome provides evidence that VZV replication in skin is tightly linked to differentiation and critically, that late viral gene expression is associated with cellular differentiation.  The experiment was performed on human primary keratinocytes under four conditions: undifferentiated/uninfected,  uninfected/differentiated, VZV-infected/undifferentiated and VZV-infected/differentiated."	""	"ERS317037"	"RNA-Seq"	"UCL-Gen"	"ERX278713"	"SAMEA2153120"	"Homo sapiens"	"-0.13466"	"51.52462"	"INSDC center name"	""	""	""	""	""	""	""	""	""	"273"	"17025"	"4561"	"3086500"	"36"	"5234721"	"277"	"194150925"	"Illumina Genome Analyzer IIx"	"PAIRED"	"cDNA"	"TRANSCRIPTOMIC"	"KV5"	"ILLUMINA"	"ERP003467"	"2014-05-30T00:00:00"	"1286"	"63"	"2490"	""	""	"12"	"1"	"1"	"1"	"1"
"SRR157493"	"1"	""	"SAMN00254013"	""	""	""	"SRS183282"	"WGS"	"UCL"	"SRX052988"	"VZV strain 165A"	"Human herpesvirus 3"	""	""	""	""	""	""	""	""	""	""	""	""	"35"	"59080"	"3338"	"2263101"	"36"	"1838798"	"557"	"71216457"	"Illumina Genome Analyzer IIx"	"PAIRED"	"Hybrid Selection"	"GENOMIC"	"165A"	"ILLUMINA"	"SRP006178"	"2012-01-18T00:00:00"	"1729"	"108"	"2894"	""	""	"0"	""	""	""	""
"SRR23991553"	"1"	"PRJNA949617"	"SAMN33950809"	"Lack of strong innate immune reactivity renders macrophages alone unable to control productive Varicella-Zoster Virus infection in an isogenic human iPSC-derived neuronal co-culture model."	"With Varicella-Zoster Virus (VZV) being an exclusive human pathogen, human induced pluripotent stem cell (hiPSC)-derived neural cell culture models are an emerging tool to investigate VZV neuro-immune interactions. Using a compartmentalized hiPSC-derived neuronal model allowing axonal VZV infection, we previously demonstrated that paracrine interferon (IFN)-α2 signalling is required to activate a broad spectrum of interferon-stimulated genes able to counteract a productive VZV infection in hiPSC-neurons. In this new study, we now investigated whether innate immune signalling by VZV-challenged macrophages was able to orchestrate an antiviral immune response in VZV-infected hiPSC-neurons. In order to establish an isogenic hiPSC-neuron / hiPSC-macrophage co-culture model, hiPSC-macrophages were generated and characterised for phenotype, gene expression, cytokine production and phagocytic capacity. Even though immunological competence of hiPSC-macrophages was shown following stimulation with the VZV mimic poly(dA:dT) or treatment with IFN-α2, hiPSC-macrophages in co-culture with VZV-infected hiPSC-neurons were unable to mount an antiviral immune response capable of suppressing a productive neuronal VZV infection. Subsequently, a comprehensive RNA-Seq analysis confirmed the lack of strong immune responsiveness by hiPSC-neurons and hiPSC-macrophages upon, respectively, VZV infection or challenge. This may suggest the need of other cell types, like T-cells or other innate immune cells, to (co-)orchestrate an efficient antiviral immune response against VZV-infected neurons.Overall design: We generated bulk RNA-seq samples from both hiPSC-neurons and hiPSC-macrophages, stimulated with the pro-inflammatory pdAT or cell-free VZV-eGFP/ORF23."	"PubMed:37287975"	"SRS17157639"	"RNA-Seq"	"VACCINE AND INFECTIOUS DISEASE INSTITUTE (VAXINFECTIO), UNIVERSITY OF ANTWERP"	"SRX19795217"	"GSM7120142"	"Homo sapiens"	""	""	""	""	""	""	""	""	""	""	""	""	"32"	"793120"	"735"	"29692486"	"32"	"4294867"	"401"	"158166087"	"NextSeq 500"	"SINGLE"	"cDNA"	"TRANSCRIPTOMIC"	"GSM7120142"	"ILLUMINA"	"SRP429741"	"2023-04-19T00:00:00"	"242"	"148"	"553"	""	""	"0"	""	""	""	""
"SRR15524215"	"1"	"PRJNA734644"	"SAMN20822609"	"Raw sequence reads for human plasma cfDNA samples positive with multiple DNA viruses"	"Fragment size-based enrichment of viral sequences in plasma cell-free DNA"	"PMC:9127460"	"SRS9837247"	"WGS"	"UNIVERSITY OF WASHINGTON"	"SRX11822946"	"VZV062"	"Human alphaherpesvirus 3"	"-122.32945"	"47.60357"	"geo_loc_name_sam"	"{""geo_loc_name_country_calc"": [-77.03196, 38.89036], ""geo_loc_name"": [""-122.32945"", ""47.60357""]}"	""	""	""	""	""	""	""	""	"33"	"148584"	"13847"	"5531164"	"41"	"6929239"	"4005"	"278740659"	"NextSeq 550"	"PAIRED"	"RANDOM"	"GENOMIC"	"=LEFT(L12,FIND(""_"",L12)-1)"	"ILLUMINA"	"SRP333243"	"2021-08-19T00:00:00"	"488"	"102"	"1621"	"Pathogen.cl"	""	"7"	"0.92"	"1"	"0.53"	"1"
"ERR244059"	"1"	"PRJEB2768"	"SAMEA1709601"	"Herpesvirus_whole_genome_sequencing"	"Very little is known about genome diversity of herpesviruses and there are currently very few genome sequences in Genbank. Whole genome sequencing of large DNA viruses is complicated by the difficulty in separating virus DNA from human DNA. In this project we will address this issue by using Agilent SureSelect technology and Illumina deep sequencing to sequence several members of the herpesvirus family, including Epstein Barr virus (EBV, HHV4), Kaposi’s sarcoma associated herpesvirus (KSHV, HHV8) and varicella zoster virus (VZV, HHV3). We have designed custom baits to the available reference sequences and will use these to pull out virus sequence from host DNA and then Illumina sequence the captured virus DNA. The short read data will be assembled into a genome consensus sequence for each virus and importantly, allow analysis of virus minority species, which may be important for pathogenesis.  We will use a range of samples including DNA from cell lines latently infected with either EBV or KSHV or both viruses. These data will enable an initial estimation of genome diversity and highlight differences at the genetic level between EBV and KSHV from different cell lines. Further studies will generate herpesvirus genome sequences from clinical samples, including varicella, Kaposi’s sarcoma and nasopharyngeal carcinoma to investigate virus genetic diversity and pathogenic determinants.  http://www.sanger.ac.uk/resources/downloads/viruses/herpesviridae-lymphocryptovirus  http://www.sanger.ac.uk/resources/downloads/viruses/herpesviridae-rhadinovirus  http://www.sanger.ac.uk/resources/downloads/viruses/herpesviridae-simplexvirus"	"PMC:11943181,8235469"	"ERS074888"	"WGS"	"SC"	"ERX218593"	"SAMEA1709601"	"Human alphaherpesvirus 3"	"-81.04537"	"33.99882"	"INSDC center name"	""	""	""	""	""	""	""	""	""	"36"	"57885"	"3269"	"2653002"	"37"	"385000"	"630"	"17030824"	"Illumina HiSeq 2000"	"PAIRED"	"RANDOM"	"GENOMIC"	"2674288"	"ILLUMINA"	"ERP001026"	"2013-06-13T00:00:00"	"260"	"200"	"387"	""	""	"37"	"0.98"	"1"	"0.6"	"1"
"ERR244044"	"1"	"PRJEB2768"	"SAMEA1709528"	"Herpesvirus_whole_genome_sequencing"	"Very little is known about genome diversity of herpesviruses and there are currently very few genome sequences in Genbank. Whole genome sequencing of large DNA viruses is complicated by the difficulty in separating virus DNA from human DNA. In this project we will address this issue by using Agilent SureSelect technology and Illumina deep sequencing to sequence several members of the herpesvirus family, including Epstein Barr virus (EBV, HHV4), Kaposi’s sarcoma associated herpesvirus (KSHV, HHV8) and varicella zoster virus (VZV, HHV3). We have designed custom baits to the available reference sequences and will use these to pull out virus sequence from host DNA and then Illumina sequence the captured virus DNA. The short read data will be assembled into a genome consensus sequence for each virus and importantly, allow analysis of virus minority species, which may be important for pathogenesis.  We will use a range of samples including DNA from cell lines latently infected with either EBV or KSHV or both viruses. These data will enable an initial estimation of genome diversity and highlight differences at the genetic level between EBV and KSHV from different cell lines. Further studies will generate herpesvirus genome sequences from clinical samples, including varicella, Kaposi’s sarcoma and nasopharyngeal carcinoma to investigate virus genetic diversity and pathogenic determinants.  http://www.sanger.ac.uk/resources/downloads/viruses/herpesviridae-lymphocryptovirus  http://www.sanger.ac.uk/resources/downloads/viruses/herpesviridae-rhadinovirus  http://www.sanger.ac.uk/resources/downloads/viruses/herpesviridae-simplexvirus"	"PMC:11943181,8235469"	"ERS074873"	"WGS"	"SC"	"ERX218578"	"SAMEA1709528"	"human gammaherpesvirus 4"	"-81.04537"	"33.99882"	"INSDC center name"	""	""	""	""	""	""	""	""	""	"92"	"20265"	"1226"	"1334419"	"56"	"178720"	"456"	"9299057"	"Illumina HiSeq 2000"	"PAIRED"	"RANDOM"	"GENOMIC"	"2674249"	"ILLUMINA"	"ERP001026"	"2013-03-23T00:00:00"	"68"	"200"	"97"	""	""	"37"	"0.98"	"1"	"0.6"	"1"
"SRR4019620"	"1"	"PRJNA338650"	"SAMN05560315"	"Cell responses to dysregulated VZV-induced cell-cell fusion"	"The highly conserved herpesvirus glycoprotein complex, gB/gH-gL, mediates membrane fusion during virion entry and cell-cell fusion.  Varicella-zoster virus (VZV) characteristically forms multi-nucleated cells, or syncytia, during the infection of human tissues but little is known about this process.  The cytoplasmic domain of VZV gB (gBcyt) has been implicated in cell-cell fusion regulation because a gB[Y881F] substitution causes hyperfusion.  The gBcyt regulation is necessary for VZV pathogenesis as the hyperfusogenic mutant gB[Y881F] is severely attenuated in human skin xenografts.  In this study, gBcyt regulated fusion was investigated by comparing melanoma cells infected with wild type-like VZV or hyperfusogenic mutants.  The gB[Y881F] mutant exhibited dramatically accelerated syncytia formation in melanoma cells caused by fusion of infected cells with many uninfected cells, increased cytoskeleton reorganization and rapid displacement of nuclei to dense central structures when compared to pOka using live cell confocal microscopy.  VZV and human transcriptomes were concurrently investigated using RNA-seq to identify viral and cellular responses induced when the gBcyt regulation was disrupted by the gB[Y881F] substitution.  The expression of four vital VZV genes, ORF61 and glycoproteins, gC, gE and gI, was significantly reduced at 36 hours post infection for the hyperfusogenic mutants.  Importantly, hierarchical clustering demonstrated an association of differential gene expression with dysregulated gBcyt-mediated fusion.  A subset of Ras GTPase genes linked to membrane remodeling were upregulated in cells infected with the hyperfusogenic mutants.  These data implicate the gBcyt in the regulation gB fusion function that, if unmodulated, triggers cellular processes leading to hyperfusion that attenuates VZV infection.Overall design: Biological duplicates from 3 time points (12, 24 and 36 hours post infection) of uninfected MeWo cells or MeWo cells infected with varicella-zoster virus strain pOka or mutants gB[Y881F], gB[Y920F] or gB[Y881/920F]"	"PubMed:27795423"	"SRS1610263"	"RNA-Seq"	"GEO"	"SRX2013140"	"GSM2267753"	"Homo sapiens"	""	""	""	""	""	""	""	""	""	""	""	""	"541"	"39930"	"7237"	"11745096"	"53"	"938847"	"2536"	"53207474"	"Illumina HiSeq 2000"	"SINGLE"	"cDNA"	"TRANSCRIPTOMIC"	""	"ILLUMINA"	"SRP081284"	"2017-03-01T00:00:00"	"542"	"51"	"850"	""	""	"0"	""	""	""	""
"SRR13172719"	"1"	"PRJNA681411"	"SAMN16953321"	"Clinical sample from VZV patients"	"metagenomics on clinical sample collected from VZV patients in China"	"PMC:8260771"	"SRS7813954"	"OTHER"	"CHINA CENTERS FOR DISEASE CONTROL AND PREVENTION"	"SRX9611067"	"SD14"	"human metagenome"	""	""	""	""	""	""	""	""	"throat"	"tissue"	"throat swab"	"BTO_0000828"	"375"	"22999583"	"10552"	"2473724128"	"47"	"138824470"	"3127"	"6992738330"	"Illumina NovaSeq 6000"	"PAIRED"	"RANDOM"	"METAGENOMIC"	"SD14"	"ILLUMINA"	"SRP295296"	"2022-12-31T00:00:00"	"13783"	"300"	"43323"	"Metagenome or environmental"	""	"0"	""	""	""	""
"SRR10017908"	"1"	"PRJNA561812"	"SAMN12628646"	"Kallikrein-mediated cytokeratin 10 degradation is required for VZV propagation in skin"	"Varicella Zoster Virus (VZV) is a skin-tropic virus that infects epidermal keratinocytes and causes chickenpox. Although common, VZV infection can be life-threatening particularly in the immunocompromised. Therefore, understanding VZV-keratinocyte interactions is important to find new treatments beyond vaccination and anti-viral drugs. In VZV- infected skin, Kallikrein 6 (KLK6), and the ubiquitin-ligase MDM2 are up-regulated concomitant with Keratin 10 (K10) down-regulation. MDM2 binds to K10 targeting it for degradation via the ubiquitin-proteasome pathway. Preventing K10 degradation reduced VZV propagation in culture and prevented epidermal disruption in skin explants. K10 knockdown induced expression of the nuclear receptor subfamily 4, group A, member 1 (NR4A1) and enhanced viral propagation in culture. NR4A1 knockdown prevented viral propagation in culture, reduced LC3 levels and increased LAMP2 expression. We therefore describe a novel drug-able pathway whereby MDM2 ubiquitinates and degrades K10 increasing NR4A1 expression allowing VZV replication and propagation."	""	"SRS5304777"	"RNA-Seq"	"UCL"	"SRX6755704"	"MeWo"	"Homo sapiens"	""	""	""	""	""	""	""	""	"skin"	"tissue"	"skin"	"BTO_0001253"	"309"	"45385"	"5418"	"7896434"	"41"	"3577575"	"873"	"149373037"	"NextSeq 550"	"PAIRED"	"Oligo-dT"	"TRANSCRIPTOMIC"	"pOka-V24-2"	"ILLUMINA"	"SRP219194"	"2019-08-26T00:00:00"	"876"	"83"	"2148"	"Human"	""	"0"	""	""	""	""
"ERR6150247"	"1"	"PRJEB45678"	"SAMEA8946463"	"A Variant allele in Varicella-Zoster Virus Glycoprotein B, Selected during Production of the Varicella Vaccine, Contributes to its Attenuation"	"Attenuation of the live varicella Oka vaccine (vOka) has been attributed to mutations in the genome acquired during cell culture passage of pOka (parent strain); however, the precise mechanisms of attenuation remain unknown. Comparative sequence analyses of several vaccine batches showed that over 100 single-nucleotide polymorphisms (SNPs) are conserved across all vaccine batches; six SNPs are fixed or nearly fixed, suggesting that these SNPs are responsible for attenuation. By contrast, prior analysis of chimeric vOka and pOka recombinants indicates that loci other than these six SNPs contribute to attenuation. Here, we report that pOka consists of a heterogenous population of virus sequences with two nearly equally represented bases, G or A, at nucleotide 2096 of ORF31 which encodes glycoprotein B (gB) resulting in arginine (R) or glutamine (Q), respectively, at amino acid 699 of gB. While 2096A/699Q is dominant in vOka (99.99 to 100%). gB699Q/gH/gL showed significantly less fusion activity than gB699R/gH/gL in a cell-based fusion assay. Recombinant pOka with gB-669Q (rpOka-gB699Q) had a similar growth phenotype as vOka during lytic infection in cell culture; however, rpOka-gB699R showed a growth phenotype similar to pOka. rpOka-gB699R entered neurons from axonal terminals more efficiently than rpOka-gB699Q in the presence of cell membrane-derived vesicles containing gB. Strikingly, when a mixture of pOka with both alleles equally represented was used to infect human neurons from axon terminals, pOka with gB699R was dominant for virus entry. These results identify a variant allele in gB that contributes to attenuation of vOka."	"PMC:9426484"	"ERS6629237"	"WGS"	"NEW YORK UNIVERSITY SCHOOL OF MEDICINE"	"ERX5787071"	"SAMEA8946463"	"Human alphaherpesvirus 3"	"-73.9743"	"40.7423"	"INSDC center name"	""	""	""	""	""	""	""	""	""	"190"	"77436"	"1817"	"10020889"	"60"	"793841"	"706"	"42834889"	"NextSeq 550"	"PAIRED"	"RANDOM"	"GENOMIC"	"vOka_7d_reactivation_rep2"	"ILLUMINA"	"ERP129818"	"2021-10-04T00:00:00"	"416"	"401"	"705"	""	""	"22"	"0.98"	"1"	"0.66"	"1"
"ERR6053180"	"1"	"PRJEB45678"	"SAMEA8914202"	"A Variant allele in Varicella-Zoster Virus Glycoprotein B, Selected during Production of the Varicella Vaccine, Contributes to its Attenuation"	"Attenuation of the live varicella Oka vaccine (vOka) has been attributed to mutations in the genome acquired during cell culture passage of pOka (parent strain); however, the precise mechanisms of attenuation remain unknown. Comparative sequence analyses of several vaccine batches showed that over 100 single-nucleotide polymorphisms (SNPs) are conserved across all vaccine batches; six SNPs are fixed or nearly fixed, suggesting that these SNPs are responsible for attenuation. By contrast, prior analysis of chimeric vOka and pOka recombinants indicates that loci other than these six SNPs contribute to attenuation. Here, we report that pOka consists of a heterogenous population of virus sequences with two nearly equally represented bases, G or A, at nucleotide 2096 of ORF31 which encodes glycoprotein B (gB) resulting in arginine (R) or glutamine (Q), respectively, at amino acid 699 of gB. While 2096A/699Q is dominant in vOka (99.99 to 100%). gB699Q/gH/gL showed significantly less fusion activity than gB699R/gH/gL in a cell-based fusion assay. Recombinant pOka with gB-669Q (rpOka-gB699Q) had a similar growth phenotype as vOka during lytic infection in cell culture; however, rpOka-gB699R showed a growth phenotype similar to pOka. rpOka-gB699R entered neurons from axonal terminals more efficiently than rpOka-gB699Q in the presence of cell membrane-derived vesicles containing gB. Strikingly, when a mixture of pOka with both alleles equally represented was used to infect human neurons from axon terminals, pOka with gB699R was dominant for virus entry. These results identify a variant allele in gB that contributes to attenuation of vOka."	"PMC:9426484"	"ERS6597080"	"WGS"	"NEW YORK UNIVERSITY SCHOOL OF MEDICINE"	"ERX5692066"	"SAMEA8914202"	"Human alphaherpesvirus 3"	"-73.9743"	"40.7423"	"INSDC center name"	""	""	""	""	""	""	""	""	""	""	""	""	""	"33"	"35907526"	"483"	"1287772027"	"NextSeq 550"	"PAIRED"	"RANDOM"	"GENOMIC"	"pOka_BAC"	"ILLUMINA"	"ERP129818"	"2021-10-04T00:00:00"	"7350"	"302"	"17353"	""	""	"22"	"0.98"	"1"	"0.66"	"1"
"SRR23024391"	"1"	"PRJNA921818"	"SAMN32634557"	"Genome-wide comparison of varicella-zoster virus vaccines"	"In this study, a high throughput sequencing technology was utilized to obtain deep coverage for VZV genome in four commercial vaccines. Genetic variants in the vaccines were identified and compared to the reference genomes of Dumas, pOka, vOka, and MAV/06, allowing the tracing of origin of the variants."	""	"SRS16401491"	"WGS"	"AJOU UNIVERSITY"	"SRX18979893"	"MSD_rep3"	"Human alphaherpesvirus 3"	"126.99989"	"37.55886"	"geo_loc_name_sam"	"{""geo_loc_name_country_calc"": [126.99989, 37.55886], ""geo_loc_name"": [""126.99989"", ""37.55886""]}"	""	""	""	""	""	""	""	""	"177"	"6062534"	"5372"	"794938067"	"94"	"27890082"	"1948"	"1859559094"	"Illumina NovaSeq 6000"	"PAIRED"	"PCR"	"GENOMIC"	"MSD_rep3"	"ILLUMINA"	"SRP416618"	"2023-02-09T00:00:00"	"2364"	"302"	"6992"	"Viral"	"2022-08-01"	"11"	"1"	"1"	"1"	"1"
"SRR23244943"	"1"	"PRJNA928395"	"SAMN32930957"	"Gene expression based molecular test as diagnostic aid for the differential diagnosis of psoriasis and eczema in formalin fixed and paraffin embedded tissue, microbiopsies and tape strips"	"Development of a real-time PCR based molecular classifier to distinguish psoriasis from eczema in FFPE-fixed skin samples and evaluation of the use of minimally invasive microbiopsies and tape strips for molecular diagnosis.Overall design: Performing gene expression analysis using data obtained from RNA-seq of macrobiopsies and microbiopsies of eczema and psoriasis patients"	"PubMed:36889660"	"SRS16601520"	"RNA-Seq"	"ZAUM – CENTER OF ALLERGY AND ENVIRONMENT, TECHNICAL UNIVERSITY OF MUNICH AND HELMHOLTZ CENTER MUNICH"	"SRX19190955"	"GSM6996028"	"Homo sapiens"	""	""	""	""	"condition"	"psoriasis"	"psoriasis"	"DOID_8893"	""	""	""	""	"219"	"620729"	"7832"	"92198560"	"119"	"3553327"	"3067"	"281815314"	"Illumina HiSeq 4000"	"PAIRED"	"cDNA"	"TRANSCRIPTOMIC"	"GSM6996028"	"ILLUMINA"	"SRP419280"	"2023-03-01T00:00:00"	"521"	"272"	"1313"	""	""	"0"	""	""	""	""
"SRR4098587"	"1"	"PRJNA324581"	"SAMN05713722"	"Clinical sequencing Metagenome Metagenomic assembly"	"Metagenomic sequencing of samplings from clinical infections. Sample types include stool, nasopharynx, skin, etc."	""	"SRS1658287"	"OTHER"	"THE GENOME INSTITUTE AT WASHINGTON UNIVERSITY SCHOOL OF MEDICINE"	"SRX2067124"	"H_LA-CC30.2-1"	"viral metagenome"	"-90.19956"	"38.62775"	"geo_loc_name_sam"	"{""geo_loc_name_country_calc"": [-77.03196, 38.89036], ""geo_loc_name"": [""-90.19956"", ""38.62775""]}"	""	""	""	""	""	""	""	""	"35"	"124306"	"2690"	"4818753"	"44"	"3995831"	"845"	"160004974"	"Illumina HiSeq 2500"	"PAIRED"	"Hybrid Selection"	"METAGENOMIC"	"H_LA-CC30.2-1"	"ILLUMINA"	"SRP083744"	"2017-09-01T00:00:00"	"2555"	"249"	"7960"	"Metagenome or environmental"	""	"7"	"0.87"	"1"	"0.53"	"1"
"SRR157407"	"1"	""	"SAMN00254019"	""	""	""	"SRS183288"	"WGS"	"UCL"	"SRX052994"	"VZV Test sample #1"	"Bovine herpesvirus 4 (isolate DN-599)"	""	""	""	""	""	""	""	""	""	""	""	""	"32"	"209030"	"587"	"7051606"	"32"	"5002730"	"235"	"166465722"	"Illumina Genome Analyzer IIx"	"PAIRED"	"Hybrid Selection"	"GENOMIC"	"TEST #1"	"ILLUMINA"	"SRP006178"	"2012-01-18T00:00:00"	"893"	"144"	"1475"	""	""	"0"	""	""	""	""
"SRR038595"	"1"	""	"SAMN00010554"	""	""	""	"SRS025539"	"AMPLICON"	"STANFORD UNIVERSITY"	"SRX018136"	"Varivax"	"Human herpesvirus 3"	""	""	""	""	""	""	""	""	""	""	""	""	"118"	"2876"	"1407"	"232813"	"35"	"86262"	"514"	"3294029"	"454 GS FLX"	"SINGLE"	"RANDOM PCR"	"OTHER"	"Varivax"	"LS454"	"SRP002150"	"2010-04-06T00:00:00"	"43"	"469"	"19"	""	""	"0"	""	""	""	""
"ERR338421"	"1"	"PRJEB4204"	"SAMEA2146610"	"VZV infection of primary keratinocytes"	"Our aim was to investigate the interaction between epidermal differentiation and VZV infection.  By means of a calcium-induced keratinocyte differentiation model and RNA-seq we show VZV infection has a profound effect on differentiating keratinocytes and hijacks the normal process of epidermal gene expression to generate a signature resembling patterns of gene expression seen in both heritable and acquired skin-blistering disorders.  Analysis of the viral transcriptome provides evidence that VZV replication in skin is tightly linked to differentiation and critically, that late viral gene expression is associated with cellular differentiation.  The experiment was performed on human primary keratinocytes under four conditions: undifferentiated/uninfected,  uninfected/differentiated, VZV-infected/undifferentiated and VZV-infected/differentiated."	""	"ERS317029"	"RNA-Seq"	"UCL-Gen"	"ERX278705"	"SAMEA2146610"	"Homo sapiens"	"-0.13466"	"51.52462"	"INSDC center name"	""	""	""	""	""	""	""	""	""	"334"	"6002"	"6003"	"1065493"	"36"	"3227132"	"188"	"116302739"	"Illumina Genome Analyzer IIx"	"PAIRED"	"cDNA"	"TRANSCRIPTOMIC"	"KCV2"	"ILLUMINA"	"ERP003467"	"2014-05-30T00:00:00"	"856"	"65"	"1254"	""	""	"12"	"1"	"1"	"1"	"1"
"ERR244054"	"1"	"PRJEB2768"	"SAMEA1709544"	"Herpesvirus_whole_genome_sequencing"	"Very little is known about genome diversity of herpesviruses and there are currently very few genome sequences in Genbank. Whole genome sequencing of large DNA viruses is complicated by the difficulty in separating virus DNA from human DNA. In this project we will address this issue by using Agilent SureSelect technology and Illumina deep sequencing to sequence several members of the herpesvirus family, including Epstein Barr virus (EBV, HHV4), Kaposi’s sarcoma associated herpesvirus (KSHV, HHV8) and varicella zoster virus (VZV, HHV3). We have designed custom baits to the available reference sequences and will use these to pull out virus sequence from host DNA and then Illumina sequence the captured virus DNA. The short read data will be assembled into a genome consensus sequence for each virus and importantly, allow analysis of virus minority species, which may be important for pathogenesis.  We will use a range of samples including DNA from cell lines latently infected with either EBV or KSHV or both viruses. These data will enable an initial estimation of genome diversity and highlight differences at the genetic level between EBV and KSHV from different cell lines. Further studies will generate herpesvirus genome sequences from clinical samples, including varicella, Kaposi’s sarcoma and nasopharyngeal carcinoma to investigate virus genetic diversity and pathogenic determinants.  http://www.sanger.ac.uk/resources/downloads/viruses/herpesviridae-lymphocryptovirus  http://www.sanger.ac.uk/resources/downloads/viruses/herpesviridae-rhadinovirus  http://www.sanger.ac.uk/resources/downloads/viruses/herpesviridae-simplexvirus"	"PMC:11943181,8235469"	"ERS074883"	"WGS"	"SC"	"ERX218588"	"SAMEA1709544"	"human gammaherpesvirus 4"	"-81.04537"	"33.99882"	"INSDC center name"	""	""	""	""	""	""	""	""	""	"83"	"6124"	"5162"	"390548"	"35"	"110418"	"2024"	"4518779"	"Illumina HiSeq 2000"	"PAIRED"	"RANDOM"	"GENOMIC"	"2674275"	"ILLUMINA"	"ERP001026"	"2013-03-23T00:00:00"	"95"	"200"	"140"	""	""	"37"	"0.98"	"1"	"0.6"	"1"
"ERR244061"	"1"	"PRJEB2768"	"SAMEA1709523"	"Herpesvirus_whole_genome_sequencing"	"Very little is known about genome diversity of herpesviruses and there are currently very few genome sequences in Genbank. Whole genome sequencing of large DNA viruses is complicated by the difficulty in separating virus DNA from human DNA. In this project we will address this issue by using Agilent SureSelect technology and Illumina deep sequencing to sequence several members of the herpesvirus family, including Epstein Barr virus (EBV, HHV4), Kaposi’s sarcoma associated herpesvirus (KSHV, HHV8) and varicella zoster virus (VZV, HHV3). We have designed custom baits to the available reference sequences and will use these to pull out virus sequence from host DNA and then Illumina sequence the captured virus DNA. The short read data will be assembled into a genome consensus sequence for each virus and importantly, allow analysis of virus minority species, which may be important for pathogenesis.  We will use a range of samples including DNA from cell lines latently infected with either EBV or KSHV or both viruses. These data will enable an initial estimation of genome diversity and highlight differences at the genetic level between EBV and KSHV from different cell lines. Further studies will generate herpesvirus genome sequences from clinical samples, including varicella, Kaposi’s sarcoma and nasopharyngeal carcinoma to investigate virus genetic diversity and pathogenic determinants.  http://www.sanger.ac.uk/resources/downloads/viruses/herpesviridae-lymphocryptovirus  http://www.sanger.ac.uk/resources/downloads/viruses/herpesviridae-rhadinovirus  http://www.sanger.ac.uk/resources/downloads/viruses/herpesviridae-simplexvirus"	"PMC:11943181,8235469"	"ERS074890"	"WGS"	"SC"	"ERX218595"	"SAMEA1709523"	"Human alphaherpesvirus 3"	"-81.04537"	"33.99882"	"INSDC center name"	""	""	""	""	""	""	""	""	""	"60"	"31463"	"2909"	"1800036"	"36"	"607765"	"1110"	"24974229"	"Illumina HiSeq 2000"	"PAIRED"	"RANDOM"	"GENOMIC"	"2754506"	"ILLUMINA"	"ERP001026"	"2013-06-13T00:00:00"	"893"	"200"	"1305"	""	""	"37"	"0.98"	"1"	"0.6"	"1"
"SRR23024399"	"1"	"PRJNA921818"	"SAMN32634559"	"Genome-wide comparison of varicella-zoster virus vaccines"	"In this study, a high throughput sequencing technology was utilized to obtain deep coverage for VZV genome in four commercial vaccines. Genetic variants in the vaccines were identified and compared to the reference genomes of Dumas, pOka, vOka, and MAV/06, allowing the tracing of origin of the variants."	""	"SRS16401483"	"WGS"	"AJOU UNIVERSITY"	"SRX18979885"	"SK_rep2"	"Human alphaherpesvirus 3"	"126.99989"	"37.55886"	"geo_loc_name"	"{""geo_loc_name_sam"": [126.99989, 37.55886], ""geo_loc_name_country_calc"": [""126.99989"", ""37.55886""]}"	"isolate"	"varicella"	"chickenpox"	"DOID_8659"	""	""	""	""	"165"	"7251416"	"6492"	"823540268"	"94"	"27539398"	"1961"	"1830005465"	"Illumina NovaSeq 6000"	"PAIRED"	"PCR"	"GENOMIC"	"SK_rep2"	"ILLUMINA"	"SRP416618"	"2023-02-09T00:00:00"	"2461"	"302"	"7353"	"Viral"	"2022-08-01"	"11"	"1"	"1"	"1"	"1"
"SRR7754043"	"1"	"PRJNA324581"	"SAMN05713722"	"Clinical sequencing Metagenome Metagenomic assembly"	"Metagenomic sequencing of samplings from clinical infections. Sample types include stool, nasopharynx, skin, etc."	""	"SRS1658287"	"WGS"	"WASHINGTON UNIVERSITY SCHOOL OF MEDICINE"	"SRX4609948"	"H_LA-CC30.2-1"	"viral metagenome"	"-90.19956"	"38.62775"	"geo_loc_name_sam"	"{""geo_loc_name_country_calc"": [-77.03196, 38.89036], ""geo_loc_name"": [""-90.19956"", ""38.62775""]}"	""	""	""	""	""	""	""	""	"33"	"34654"	"2255"	"1265524"	"34"	"612972"	"285"	"23393827"	"Illumina HiSeq 2500"	"PAIRED"	"RANDOM"	"METAGENOMIC"	"H_LA-CC30.2-1"	"ILLUMINA"	"SRP083744"	"2018-08-24T00:00:00"	"184"	"120"	"538"	"Metagenome or environmental"	""	"7"	"0.87"	"1"	"0.53"	"1"
"SRR23024398"	"1"	"PRJNA921818"	"SAMN32634560"	"Genome-wide comparison of varicella-zoster virus vaccines"	"In this study, a high throughput sequencing technology was utilized to obtain deep coverage for VZV genome in four commercial vaccines. Genetic variants in the vaccines were identified and compared to the reference genomes of Dumas, pOka, vOka, and MAV/06, allowing the tracing of origin of the variants."	""	"SRS16401484"	"WGS"	"AJOU UNIVERSITY"	"SRX18979886"	"SK_rep3"	"Human alphaherpesvirus 3"	"126.99989"	"37.55886"	"geo_loc_name"	"{""geo_loc_name_country_calc"": [126.99989, 37.55886], ""geo_loc_name_sam"": [""126.99989"", ""37.55886""]}"	"isolate"	"varicella"	"chickenpox"	"DOID_8659"	""	""	""	""	"165"	"6066788"	"4241"	"750955497"	"94"	"26514504"	"1649"	"1757367483"	"Illumina NovaSeq 6000"	"PAIRED"	"PCR"	"GENOMIC"	"SK_rep3"	"ILLUMINA"	"SRP416618"	"2023-02-09T00:00:00"	"2322"	"302"	"6912"	"Viral"	"2022-08-01"	"11"	"1"	"1"	"1"	"1"
"SRR4019629"	"1"	"PRJNA338650"	"SAMN05560328"	"Cell responses to dysregulated VZV-induced cell-cell fusion"	"The highly conserved herpesvirus glycoprotein complex, gB/gH-gL, mediates membrane fusion during virion entry and cell-cell fusion.  Varicella-zoster virus (VZV) characteristically forms multi-nucleated cells, or syncytia, during the infection of human tissues but little is known about this process.  The cytoplasmic domain of VZV gB (gBcyt) has been implicated in cell-cell fusion regulation because a gB[Y881F] substitution causes hyperfusion.  The gBcyt regulation is necessary for VZV pathogenesis as the hyperfusogenic mutant gB[Y881F] is severely attenuated in human skin xenografts.  In this study, gBcyt regulated fusion was investigated by comparing melanoma cells infected with wild type-like VZV or hyperfusogenic mutants.  The gB[Y881F] mutant exhibited dramatically accelerated syncytia formation in melanoma cells caused by fusion of infected cells with many uninfected cells, increased cytoskeleton reorganization and rapid displacement of nuclei to dense central structures when compared to pOka using live cell confocal microscopy.  VZV and human transcriptomes were concurrently investigated using RNA-seq to identify viral and cellular responses induced when the gBcyt regulation was disrupted by the gB[Y881F] substitution.  The expression of four vital VZV genes, ORF61 and glycoproteins, gC, gE and gI, was significantly reduced at 36 hours post infection for the hyperfusogenic mutants.  Importantly, hierarchical clustering demonstrated an association of differential gene expression with dysregulated gBcyt-mediated fusion.  A subset of Ras GTPase genes linked to membrane remodeling were upregulated in cells infected with the hyperfusogenic mutants.  These data implicate the gBcyt in the regulation gB fusion function that, if unmodulated, triggers cellular processes leading to hyperfusion that attenuates VZV infection.Overall design: Biological duplicates from 3 time points (12, 24 and 36 hours post infection) of uninfected MeWo cells or MeWo cells infected with varicella-zoster virus strain pOka or mutants gB[Y881F], gB[Y920F] or gB[Y881/920F]"	"PubMed:27795423"	"SRS1610272"	"RNA-Seq"	"GEO"	"SRX2013150"	"GSM2267763"	"Homo sapiens"	""	""	""	""	""	""	""	""	""	""	""	""	"560"	"37152"	"6399"	"12254462"	"54"	"919949"	"2462"	"53278579"	"Illumina HiSeq 2000"	"SINGLE"	"cDNA"	"TRANSCRIPTOMIC"	""	"ILLUMINA"	"SRP081284"	"2017-03-01T00:00:00"	"530"	"51"	"830"	""	""	"0"	""	""	""	""
"SRR4019622"	"1"	"PRJNA338650"	"SAMN05560342"	"Cell responses to dysregulated VZV-induced cell-cell fusion"	"The highly conserved herpesvirus glycoprotein complex, gB/gH-gL, mediates membrane fusion during virion entry and cell-cell fusion.  Varicella-zoster virus (VZV) characteristically forms multi-nucleated cells, or syncytia, during the infection of human tissues but little is known about this process.  The cytoplasmic domain of VZV gB (gBcyt) has been implicated in cell-cell fusion regulation because a gB[Y881F] substitution causes hyperfusion.  The gBcyt regulation is necessary for VZV pathogenesis as the hyperfusogenic mutant gB[Y881F] is severely attenuated in human skin xenografts.  In this study, gBcyt regulated fusion was investigated by comparing melanoma cells infected with wild type-like VZV or hyperfusogenic mutants.  The gB[Y881F] mutant exhibited dramatically accelerated syncytia formation in melanoma cells caused by fusion of infected cells with many uninfected cells, increased cytoskeleton reorganization and rapid displacement of nuclei to dense central structures when compared to pOka using live cell confocal microscopy.  VZV and human transcriptomes were concurrently investigated using RNA-seq to identify viral and cellular responses induced when the gBcyt regulation was disrupted by the gB[Y881F] substitution.  The expression of four vital VZV genes, ORF61 and glycoproteins, gC, gE and gI, was significantly reduced at 36 hours post infection for the hyperfusogenic mutants.  Importantly, hierarchical clustering demonstrated an association of differential gene expression with dysregulated gBcyt-mediated fusion.  A subset of Ras GTPase genes linked to membrane remodeling were upregulated in cells infected with the hyperfusogenic mutants.  These data implicate the gBcyt in the regulation gB fusion function that, if unmodulated, triggers cellular processes leading to hyperfusion that attenuates VZV infection.Overall design: Biological duplicates from 3 time points (12, 24 and 36 hours post infection) of uninfected MeWo cells or MeWo cells infected with varicella-zoster virus strain pOka or mutants gB[Y881F], gB[Y920F] or gB[Y881/920F]"	"PubMed:27795423"	"SRS1610267"	"RNA-Seq"	"GEO"	"SRX2013143"	"GSM2267756"	"Homo sapiens"	""	""	""	""	""	""	""	""	""	""	""	""	"459"	"47510"	"5586"	"11498117"	"54"	"865479"	"2463"	"50140922"	"Illumina HiSeq 2000"	"SINGLE"	"cDNA"	"TRANSCRIPTOMIC"	""	"ILLUMINA"	"SRP081284"	"2017-03-01T00:00:00"	"463"	"51"	"727"	""	""	"0"	""	""	""	""
"ERR244050"	"1"	"PRJEB2768"	"SAMEA1709585"	"Herpesvirus_whole_genome_sequencing"	"Very little is known about genome diversity of herpesviruses and there are currently very few genome sequences in Genbank. Whole genome sequencing of large DNA viruses is complicated by the difficulty in separating virus DNA from human DNA. In this project we will address this issue by using Agilent SureSelect technology and Illumina deep sequencing to sequence several members of the herpesvirus family, including Epstein Barr virus (EBV, HHV4), Kaposi’s sarcoma associated herpesvirus (KSHV, HHV8) and varicella zoster virus (VZV, HHV3). We have designed custom baits to the available reference sequences and will use these to pull out virus sequence from host DNA and then Illumina sequence the captured virus DNA. The short read data will be assembled into a genome consensus sequence for each virus and importantly, allow analysis of virus minority species, which may be important for pathogenesis.  We will use a range of samples including DNA from cell lines latently infected with either EBV or KSHV or both viruses. These data will enable an initial estimation of genome diversity and highlight differences at the genetic level between EBV and KSHV from different cell lines. Further studies will generate herpesvirus genome sequences from clinical samples, including varicella, Kaposi’s sarcoma and nasopharyngeal carcinoma to investigate virus genetic diversity and pathogenic determinants.  http://www.sanger.ac.uk/resources/downloads/viruses/herpesviridae-lymphocryptovirus  http://www.sanger.ac.uk/resources/downloads/viruses/herpesviridae-rhadinovirus  http://www.sanger.ac.uk/resources/downloads/viruses/herpesviridae-simplexvirus"	"PMC:11943181,8235469"	"ERS074879"	"WGS"	"SC"	"ERX218584"	"SAMEA1709585"	"Human alphaherpesvirus 3"	"-81.04537"	"33.99882"	"INSDC center name"	""	""	""	""	""	""	""	""	""	"34"	"133024"	"17611"	"5442152"	"34"	"1838685"	"3187"	"69370105"	"Illumina HiSeq 2000"	"PAIRED"	"RANDOM"	"GENOMIC"	"2674271"	"ILLUMINA"	"ERP001026"	"2013-06-13T00:00:00"	"1694"	"200"	"3623"	""	""	"37"	"0.98"	"1"	"0.6"	"1"
"SRR23024400"	"1"	"PRJNA921818"	"SAMN32634550"	"Genome-wide comparison of varicella-zoster virus vaccines"	"In this study, a high throughput sequencing technology was utilized to obtain deep coverage for VZV genome in four commercial vaccines. Genetic variants in the vaccines were identified and compared to the reference genomes of Dumas, pOka, vOka, and MAV/06, allowing the tracing of origin of the variants."	""	"SRS16401482"	"WGS"	"AJOU UNIVERSITY"	"SRX18979884"	"GC_rep2"	"Human alphaherpesvirus 3"	"126.99989"	"37.55886"	"geo_loc_name_sam"	"{""geo_loc_name_country_calc"": [126.99989, 37.55886], ""geo_loc_name"": [""126.99989"", ""37.55886""]}"	""	""	""	""	""	""	""	""	"162"	"5298569"	"4874"	"633449953"	"83"	"25367488"	"1812"	"1611881022"	"Illumina NovaSeq 6000"	"PAIRED"	"PCR"	"GENOMIC"	"GC_rep2"	"ILLUMINA"	"SRP416618"	"2023-02-09T00:00:00"	"2406"	"302"	"6967"	"Viral"	"2022-08-01"	"11"	"1"	"1"	"1"	"1"
"SRR4019630"	"1"	"PRJNA338650"	"SAMN05560323"	"Cell responses to dysregulated VZV-induced cell-cell fusion"	"The highly conserved herpesvirus glycoprotein complex, gB/gH-gL, mediates membrane fusion during virion entry and cell-cell fusion.  Varicella-zoster virus (VZV) characteristically forms multi-nucleated cells, or syncytia, during the infection of human tissues but little is known about this process.  The cytoplasmic domain of VZV gB (gBcyt) has been implicated in cell-cell fusion regulation because a gB[Y881F] substitution causes hyperfusion.  The gBcyt regulation is necessary for VZV pathogenesis as the hyperfusogenic mutant gB[Y881F] is severely attenuated in human skin xenografts.  In this study, gBcyt regulated fusion was investigated by comparing melanoma cells infected with wild type-like VZV or hyperfusogenic mutants.  The gB[Y881F] mutant exhibited dramatically accelerated syncytia formation in melanoma cells caused by fusion of infected cells with many uninfected cells, increased cytoskeleton reorganization and rapid displacement of nuclei to dense central structures when compared to pOka using live cell confocal microscopy.  VZV and human transcriptomes were concurrently investigated using RNA-seq to identify viral and cellular responses induced when the gBcyt regulation was disrupted by the gB[Y881F] substitution.  The expression of four vital VZV genes, ORF61 and glycoproteins, gC, gE and gI, was significantly reduced at 36 hours post infection for the hyperfusogenic mutants.  Importantly, hierarchical clustering demonstrated an association of differential gene expression with dysregulated gBcyt-mediated fusion.  A subset of Ras GTPase genes linked to membrane remodeling were upregulated in cells infected with the hyperfusogenic mutants.  These data implicate the gBcyt in the regulation gB fusion function that, if unmodulated, triggers cellular processes leading to hyperfusion that attenuates VZV infection.Overall design: Biological duplicates from 3 time points (12, 24 and 36 hours post infection) of uninfected MeWo cells or MeWo cells infected with varicella-zoster virus strain pOka or mutants gB[Y881F], gB[Y920F] or gB[Y881/920F]"	"PubMed:27795423"	"SRS1610274"	"RNA-Seq"	"GEO"	"SRX2013151"	"GSM2267764"	"Homo sapiens"	""	""	""	""	""	""	""	""	""	""	""	""	"570"	"40701"	"7812"	"13499642"	"56"	"910063"	"2484"	"54285244"	"Illumina HiSeq 2000"	"SINGLE"	"cDNA"	"TRANSCRIPTOMIC"	""	"ILLUMINA"	"SRP081284"	"2017-03-01T00:00:00"	"559"	"51"	"877"	""	""	"0"	""	""	""	""
"ERR6150236"	"1"	"PRJEB45678"	"SAMEA8946462"	"A Variant allele in Varicella-Zoster Virus Glycoprotein B, Selected during Production of the Varicella Vaccine, Contributes to its Attenuation"	"Attenuation of the live varicella Oka vaccine (vOka) has been attributed to mutations in the genome acquired during cell culture passage of pOka (parent strain); however, the precise mechanisms of attenuation remain unknown. Comparative sequence analyses of several vaccine batches showed that over 100 single-nucleotide polymorphisms (SNPs) are conserved across all vaccine batches; six SNPs are fixed or nearly fixed, suggesting that these SNPs are responsible for attenuation. By contrast, prior analysis of chimeric vOka and pOka recombinants indicates that loci other than these six SNPs contribute to attenuation. Here, we report that pOka consists of a heterogenous population of virus sequences with two nearly equally represented bases, G or A, at nucleotide 2096 of ORF31 which encodes glycoprotein B (gB) resulting in arginine (R) or glutamine (Q), respectively, at amino acid 699 of gB. While 2096A/699Q is dominant in vOka (99.99 to 100%). gB699Q/gH/gL showed significantly less fusion activity than gB699R/gH/gL in a cell-based fusion assay. Recombinant pOka with gB-669Q (rpOka-gB699Q) had a similar growth phenotype as vOka during lytic infection in cell culture; however, rpOka-gB699R showed a growth phenotype similar to pOka. rpOka-gB699R entered neurons from axonal terminals more efficiently than rpOka-gB699Q in the presence of cell membrane-derived vesicles containing gB. Strikingly, when a mixture of pOka with both alleles equally represented was used to infect human neurons from axon terminals, pOka with gB699R was dominant for virus entry. These results identify a variant allele in gB that contributes to attenuation of vOka."	"PMC:9426484"	"ERS6629236"	"WGS"	"NEW YORK UNIVERSITY SCHOOL OF MEDICINE"	"ERX5787060"	"SAMEA8946462"	"Human alphaherpesvirus 3"	"-73.9743"	"40.7423"	"INSDC center name"	""	""	""	""	""	""	""	""	""	"175"	"215844"	"2298"	"19519299"	"60"	"1360393"	"1110"	"73185693"	"NextSeq 550"	"PAIRED"	"RANDOM"	"GENOMIC"	"pOka_input"	"ILLUMINA"	"ERP129818"	"2021-10-04T00:00:00"	"846"	"353"	"1456"	""	""	"22"	"0.98"	"1"	"0.66"	"1"
"SRR23244941"	"1"	"PRJNA928395"	"SAMN32930957"	"Gene expression based molecular test as diagnostic aid for the differential diagnosis of psoriasis and eczema in formalin fixed and paraffin embedded tissue, microbiopsies and tape strips"	"Development of a real-time PCR based molecular classifier to distinguish psoriasis from eczema in FFPE-fixed skin samples and evaluation of the use of minimally invasive microbiopsies and tape strips for molecular diagnosis.Overall design: Performing gene expression analysis using data obtained from RNA-seq of macrobiopsies and microbiopsies of eczema and psoriasis patients"	"PubMed:36889660"	"SRS16601520"	"RNA-Seq"	"ZAUM – CENTER OF ALLERGY AND ENVIRONMENT, TECHNICAL UNIVERSITY OF MUNICH AND HELMHOLTZ CENTER MUNICH"	"SRX19190955"	"GSM6996028"	"Homo sapiens"	""	""	""	""	"condition"	"psoriasis"	"psoriasis"	"DOID_8893"	""	""	""	""	"221"	"565323"	"36329"	"89237903"	"116"	"3669196"	"2245"	"285907149"	"Illumina HiSeq 4000"	"PAIRED"	"cDNA"	"TRANSCRIPTOMIC"	"GSM6996028"	"ILLUMINA"	"SRP419280"	"2023-03-01T00:00:00"	"533"	"271"	"1337"	""	""	"0"	""	""	""	""
"SRR9117223"	"1"	"PRJNA544406"	"SAMN11835503"	"Oryza sativa Japonica Group cultivar:Nipponbare Raw sequence reads"	"Seed early germination(0h-8h)"	""	"SRS4813000"	"RNA-Seq"	"SOUTH CHINA AGRICULTURAL UNIVERSITY"	"SRX5891278"	"Wild type"	"Oryza sativa Japonica Group"	"139.69172"	"35.6895"	"geo_loc_name_sam"	"{""geo_loc_name_country_calc"": [139.69172, 35.6895], ""geo_loc_name"": [""139.69172"", ""35.6895""]}"	""	""	""	""	"seed"	"tissue"	"seed"	"BTO_0001226"	"313"	"603891"	"6106"	"71129105"	"39"	"9632868"	"2268"	"422936301"	"Illumina HiSeq 2500"	"PAIRED"	"RANDOM PCR"	"TRANSCRIPTOMIC"	"WT_0h_1"	"ILLUMINA"	"SRP199386"	"2019-05-24T00:00:00"	"3989"	"300"	"10489"	"Plant"	""	"3"	"0.88"	"1"	"0.64"	"1"
"SRR23991552"	"1"	"PRJNA949617"	"SAMN33950809"	"Lack of strong innate immune reactivity renders macrophages alone unable to control productive Varicella-Zoster Virus infection in an isogenic human iPSC-derived neuronal co-culture model."	"With Varicella-Zoster Virus (VZV) being an exclusive human pathogen, human induced pluripotent stem cell (hiPSC)-derived neural cell culture models are an emerging tool to investigate VZV neuro-immune interactions. Using a compartmentalized hiPSC-derived neuronal model allowing axonal VZV infection, we previously demonstrated that paracrine interferon (IFN)-α2 signalling is required to activate a broad spectrum of interferon-stimulated genes able to counteract a productive VZV infection in hiPSC-neurons. In this new study, we now investigated whether innate immune signalling by VZV-challenged macrophages was able to orchestrate an antiviral immune response in VZV-infected hiPSC-neurons. In order to establish an isogenic hiPSC-neuron / hiPSC-macrophage co-culture model, hiPSC-macrophages were generated and characterised for phenotype, gene expression, cytokine production and phagocytic capacity. Even though immunological competence of hiPSC-macrophages was shown following stimulation with the VZV mimic poly(dA:dT) or treatment with IFN-α2, hiPSC-macrophages in co-culture with VZV-infected hiPSC-neurons were unable to mount an antiviral immune response capable of suppressing a productive neuronal VZV infection. Subsequently, a comprehensive RNA-Seq analysis confirmed the lack of strong immune responsiveness by hiPSC-neurons and hiPSC-macrophages upon, respectively, VZV infection or challenge. This may suggest the need of other cell types, like T-cells or other innate immune cells, to (co-)orchestrate an efficient antiviral immune response against VZV-infected neurons.Overall design: We generated bulk RNA-seq samples from both hiPSC-neurons and hiPSC-macrophages, stimulated with the pro-inflammatory pdAT or cell-free VZV-eGFP/ORF23."	"PubMed:37287975"	"SRS17157639"	"RNA-Seq"	"VACCINE AND INFECTIOUS DISEASE INSTITUTE (VAXINFECTIO), UNIVERSITY OF ANTWERP"	"SRX19795217"	"GSM7120142"	"Homo sapiens"	""	""	""	""	""	""	""	""	""	""	""	""	"32"	"912641"	"727"	"33794369"	"32"	"4404992"	"429"	"162079247"	"NextSeq 500"	"SINGLE"	"cDNA"	"TRANSCRIPTOMIC"	"GSM7120142"	"ILLUMINA"	"SRP429741"	"2023-04-19T00:00:00"	"247"	"148"	"565"	""	""	"0"	""	""	""	""
"ERR244035"	"1"	"PRJEB2768"	"SAMEA1709608"	"Herpesvirus_whole_genome_sequencing"	"Very little is known about genome diversity of herpesviruses and there are currently very few genome sequences in Genbank. Whole genome sequencing of large DNA viruses is complicated by the difficulty in separating virus DNA from human DNA. In this project we will address this issue by using Agilent SureSelect technology and Illumina deep sequencing to sequence several members of the herpesvirus family, including Epstein Barr virus (EBV, HHV4), Kaposi’s sarcoma associated herpesvirus (KSHV, HHV8) and varicella zoster virus (VZV, HHV3). We have designed custom baits to the available reference sequences and will use these to pull out virus sequence from host DNA and then Illumina sequence the captured virus DNA. The short read data will be assembled into a genome consensus sequence for each virus and importantly, allow analysis of virus minority species, which may be important for pathogenesis.  We will use a range of samples including DNA from cell lines latently infected with either EBV or KSHV or both viruses. These data will enable an initial estimation of genome diversity and highlight differences at the genetic level between EBV and KSHV from different cell lines. Further studies will generate herpesvirus genome sequences from clinical samples, including varicella, Kaposi’s sarcoma and nasopharyngeal carcinoma to investigate virus genetic diversity and pathogenic determinants.  http://www.sanger.ac.uk/resources/downloads/viruses/herpesviridae-lymphocryptovirus  http://www.sanger.ac.uk/resources/downloads/viruses/herpesviridae-rhadinovirus  http://www.sanger.ac.uk/resources/downloads/viruses/herpesviridae-simplexvirus"	"PMC:11943181,8235469"	"ERS074857"	"WGS"	"SC"	"ERX218569"	"SAMEA1709608"	"Human alphaherpesvirus 3"	"-81.04537"	"33.99882"	"INSDC center name"	""	""	""	""	""	""	""	""	""	"59"	"144654"	"3651"	"8952122"	"35"	"2580860"	"670"	"96863761"	"Illumina HiSeq 2000"	"PAIRED"	"RANDOM"	"GENOMIC"	"2674233"	"ILLUMINA"	"ERP001026"	"2013-06-13T00:00:00"	"2186"	"200"	"3286"	""	""	"37"	"0.98"	"1"	"0.6"	"1"
"ERR244071"	"1"	"PRJEB2768"	"SAMEA1709561"	"Herpesvirus_whole_genome_sequencing"	"Very little is known about genome diversity of herpesviruses and there are currently very few genome sequences in Genbank. Whole genome sequencing of large DNA viruses is complicated by the difficulty in separating virus DNA from human DNA. In this project we will address this issue by using Agilent SureSelect technology and Illumina deep sequencing to sequence several members of the herpesvirus family, including Epstein Barr virus (EBV, HHV4), Kaposi’s sarcoma associated herpesvirus (KSHV, HHV8) and varicella zoster virus (VZV, HHV3). We have designed custom baits to the available reference sequences and will use these to pull out virus sequence from host DNA and then Illumina sequence the captured virus DNA. The short read data will be assembled into a genome consensus sequence for each virus and importantly, allow analysis of virus minority species, which may be important for pathogenesis.  We will use a range of samples including DNA from cell lines latently infected with either EBV or KSHV or both viruses. These data will enable an initial estimation of genome diversity and highlight differences at the genetic level between EBV and KSHV from different cell lines. Further studies will generate herpesvirus genome sequences from clinical samples, including varicella, Kaposi’s sarcoma and nasopharyngeal carcinoma to investigate virus genetic diversity and pathogenic determinants.  http://www.sanger.ac.uk/resources/downloads/viruses/herpesviridae-lymphocryptovirus  http://www.sanger.ac.uk/resources/downloads/viruses/herpesviridae-rhadinovirus  http://www.sanger.ac.uk/resources/downloads/viruses/herpesviridae-simplexvirus"	"PMC:11943181,8235469"	"ERS074867"	"WGS"	"SC"	"ERX218605"	"SAMEA1709561"	"Human alphaherpesvirus 3"	"-81.04537"	"33.99882"	"INSDC center name"	""	""	""	""	""	""	""	""	""	"171"	"2855"	"3002"	"271791"	"39"	"100601"	"391"	"4214684"	"Illumina HiSeq 2000"	"PAIRED"	"RANDOM"	"GENOMIC"	"2674243"	"ILLUMINA"	"ERP001026"	"2013-06-13T00:00:00"	"82"	"200"	"148"	""	""	"37"	"0.98"	"1"	"0.6"	"1"
"ERR3966187"	"1"	"PRJEB36978"	"SAMEA6598973"	"Expression of varicella-zoster virus VLT-ORF63 fusion transcript induces broad viral gene expression during reactivation from neuronal latency"	"Varicella-zoster virus (VZV) establishes lifelong neuronal latency in most humans world-wide, reactivating in one-third to cause herpes zoster and occasionally chronic pain. How VZV establishes, maintains and reactivates from latency is largely unknown. Latent VZV gene expression is restricted to VZV latency-associated transcript (VLT) and open reading frame 63 (ORF63) in human naturally VZV-infected human trigeminal ganglia (TG). Notably, these transcript levels positively correlated suggesting co-regulated transcription during latency. Here, we used direct RNA-sequencing to identify fusion transcripts that combine VLT and ORF63 loci (VLT-ORF63) and are expressed during both lytic and latent VZV infections. Furthermore, real-time PCR, RNA in situ hybridization and 5’ rapid amplification of cDNA ends (RACE) all confirmed VLT-ORF63, but not canonical ORF63, expression in human TG. During lytic infection, VLT-ORF63 encodes multiple proteins, including VLT protein (pVLT) and the novel fusion protein combining VLT and ORF63 proteins (pVLT-ORF63). In vitro, VLT is transcribed in latently VZV-infected human sensory neurons, whereas VLT-ORF63 expression is induced by reactivation stimuli. Moreover, the pVLT-ORF63-encoding VLT-ORF63 isoform induced transcription of lytic VZV genes. Collectively, our findings show that VZV expresses a unique set of VLT-ORF63 transcripts, which could function to regulate the transition from latent to lytic VZV infection."	""	"ERS4363247"	"OTHER"	"NEW YORK UNIVERSITY SCHOOL OF MEDICINE"	"ERX3969530"	"SAMEA6598973"	"Human alphaherpesvirus 3"	"-73.9743"	"40.7423"	"INSDC center name"	""	""	""	""	""	""	""	""	""	"33"	"671350"	"460"	"24212130"	"33"	"10144029"	"160"	"351685091"	"MinION"	"SINGLE"	"unspecified"	"TRANSCRIPTOMIC"	"unspecified"	"OXFORD_NANOPORE"	"ERP120253"	"2020-10-24T00:00:00"	"759"	"1252"	"1035"	""	""	"22"	"0.98"	"1"	"0.66"	"1"
"SRR9106181"	"1"	"PRJNA543951"	"SAMN11792040"	"Oryza sativa Japonica Group Raw sequence reads"	"wild type at the early germination stage (0h)"	""	"SRS4803621"	"RNA-Seq"	"NANJING AGRICULTURAL UNIVERSITY"	"SRX5880877"	"WT_0h"	"Oryza sativa Japonica Group"	"118.76598"	"32.04978"	"geo_loc_name_sam"	"{""geo_loc_name_country_calc"": [116.38765, 39.90657], ""geo_loc_name"": [""118.76598"", ""32.04978""]}"	""	""	""	""	"seed"	"tissue"	"seed"	"BTO_0001226"	"328"	"521157"	"6570"	"66132270"	"38"	"10181298"	"2068"	"438981985"	"Illumina HiSeq 2500"	"PAIRED"	"RANDOM PCR"	"TRANSCRIPTOMIC"	"WT_0h_2"	"ILLUMINA"	"SRP199142"	"2019-05-22T00:00:00"	"4134"	"300"	"10800"	"Plant"	""	"3"	"1"	"1"	"1"	"1"
"SRR21589118"	"1"	"PRJNA847732"	"SAMN30852592"	"Rapid metagenomic sequencing of clinical samples to detect emerging DNA and RNA viral pathogens"	"Metagenomics samples from Nasopharyngeal swab"	""	"SRS15128796"	"OTHER"	"GUY'S AND ST THOMAS' HOSPITAL"	"SRX17590906"	"Viral detection from nasal pharyngeal swab metagenome (Varicella zoster virus)"	"human viral metagenome"	"-0.1276"	"51.5072"	"lat_lon"	"{""geo_loc_name_country_calc"": [-0.12721, 51.50643], ""geo_loc_name_sam"": [-0.12719, 51.50643], ""geo_loc_name"": [""-0.12719"", ""51.50643""]}"	""	""	""	""	""	""	""	""	"33"	"406496"	"1617"	"15557775"	"33"	"5173340"	"716"	"184358013"	"GridION"	"SINGLE"	"RANDOM PCR"	"METAGENOMIC"	"220521_vzv"	"OXFORD_NANOPORE"	"SRP380122"	"2022-11-25T00:00:00"	"573"	"2396"	"692"	"Metagenome or environmental"	"2022-05-21"	"1"	"1"	"1"	"1"	"1"
"ERR6150246"	"1"	"PRJEB45678"	"SAMEA8946463"	"A Variant allele in Varicella-Zoster Virus Glycoprotein B, Selected during Production of the Varicella Vaccine, Contributes to its Attenuation"	"Attenuation of the live varicella Oka vaccine (vOka) has been attributed to mutations in the genome acquired during cell culture passage of pOka (parent strain); however, the precise mechanisms of attenuation remain unknown. Comparative sequence analyses of several vaccine batches showed that over 100 single-nucleotide polymorphisms (SNPs) are conserved across all vaccine batches; six SNPs are fixed or nearly fixed, suggesting that these SNPs are responsible for attenuation. By contrast, prior analysis of chimeric vOka and pOka recombinants indicates that loci other than these six SNPs contribute to attenuation. Here, we report that pOka consists of a heterogenous population of virus sequences with two nearly equally represented bases, G or A, at nucleotide 2096 of ORF31 which encodes glycoprotein B (gB) resulting in arginine (R) or glutamine (Q), respectively, at amino acid 699 of gB. While 2096A/699Q is dominant in vOka (99.99 to 100%). gB699Q/gH/gL showed significantly less fusion activity than gB699R/gH/gL in a cell-based fusion assay. Recombinant pOka with gB-669Q (rpOka-gB699Q) had a similar growth phenotype as vOka during lytic infection in cell culture; however, rpOka-gB699R showed a growth phenotype similar to pOka. rpOka-gB699R entered neurons from axonal terminals more efficiently than rpOka-gB699Q in the presence of cell membrane-derived vesicles containing gB. Strikingly, when a mixture of pOka with both alleles equally represented was used to infect human neurons from axon terminals, pOka with gB699R was dominant for virus entry. These results identify a variant allele in gB that contributes to attenuation of vOka."	"PMC:9426484"	"ERS6629237"	"WGS"	"NEW YORK UNIVERSITY SCHOOL OF MEDICINE"	"ERX5787070"	"SAMEA8946463"	"Human alphaherpesvirus 3"	"-73.9743"	"40.7423"	"INSDC center name"	""	""	""	""	""	""	""	""	""	"193"	"80645"	"4360"	"12857564"	"61"	"849367"	"1482"	"49192973"	"NextSeq 550"	"PAIRED"	"RANDOM"	"GENOMIC"	"vOka_7d_reactivation_rep1"	"ILLUMINA"	"ERP129818"	"2021-10-04T00:00:00"	"423"	"391"	"726"	""	""	"22"	"0.98"	"1"	"0.66"	"1"
"SRR4019635"	"1"	"PRJNA338650"	"SAMN05560318"	"Cell responses to dysregulated VZV-induced cell-cell fusion"	"The highly conserved herpesvirus glycoprotein complex, gB/gH-gL, mediates membrane fusion during virion entry and cell-cell fusion.  Varicella-zoster virus (VZV) characteristically forms multi-nucleated cells, or syncytia, during the infection of human tissues but little is known about this process.  The cytoplasmic domain of VZV gB (gBcyt) has been implicated in cell-cell fusion regulation because a gB[Y881F] substitution causes hyperfusion.  The gBcyt regulation is necessary for VZV pathogenesis as the hyperfusogenic mutant gB[Y881F] is severely attenuated in human skin xenografts.  In this study, gBcyt regulated fusion was investigated by comparing melanoma cells infected with wild type-like VZV or hyperfusogenic mutants.  The gB[Y881F] mutant exhibited dramatically accelerated syncytia formation in melanoma cells caused by fusion of infected cells with many uninfected cells, increased cytoskeleton reorganization and rapid displacement of nuclei to dense central structures when compared to pOka using live cell confocal microscopy.  VZV and human transcriptomes were concurrently investigated using RNA-seq to identify viral and cellular responses induced when the gBcyt regulation was disrupted by the gB[Y881F] substitution.  The expression of four vital VZV genes, ORF61 and glycoproteins, gC, gE and gI, was significantly reduced at 36 hours post infection for the hyperfusogenic mutants.  Importantly, hierarchical clustering demonstrated an association of differential gene expression with dysregulated gBcyt-mediated fusion.  A subset of Ras GTPase genes linked to membrane remodeling were upregulated in cells infected with the hyperfusogenic mutants.  These data implicate the gBcyt in the regulation gB fusion function that, if unmodulated, triggers cellular processes leading to hyperfusion that attenuates VZV infection.Overall design: Biological duplicates from 3 time points (12, 24 and 36 hours post infection) of uninfected MeWo cells or MeWo cells infected with varicella-zoster virus strain pOka or mutants gB[Y881F], gB[Y920F] or gB[Y881/920F]"	"PubMed:27795423"	"SRS1610279"	"RNA-Seq"	"GEO"	"SRX2013156"	"GSM2267769"	"Homo sapiens"	""	""	""	""	""	""	""	""	""	""	""	""	"636"	"31008"	"9214"	"11692267"	"55"	"863993"	"2140"	"50874757"	"Illumina HiSeq 2000"	"SINGLE"	"cDNA"	"TRANSCRIPTOMIC"	""	"ILLUMINA"	"SRP081284"	"2017-03-01T00:00:00"	"519"	"51"	"813"	""	""	"0"	""	""	""	""
"ERR244045"	"1"	"PRJEB2768"	"SAMEA1709512"	"Herpesvirus_whole_genome_sequencing"	"Very little is known about genome diversity of herpesviruses and there are currently very few genome sequences in Genbank. Whole genome sequencing of large DNA viruses is complicated by the difficulty in separating virus DNA from human DNA. In this project we will address this issue by using Agilent SureSelect technology and Illumina deep sequencing to sequence several members of the herpesvirus family, including Epstein Barr virus (EBV, HHV4), Kaposi’s sarcoma associated herpesvirus (KSHV, HHV8) and varicella zoster virus (VZV, HHV3). We have designed custom baits to the available reference sequences and will use these to pull out virus sequence from host DNA and then Illumina sequence the captured virus DNA. The short read data will be assembled into a genome consensus sequence for each virus and importantly, allow analysis of virus minority species, which may be important for pathogenesis.  We will use a range of samples including DNA from cell lines latently infected with either EBV or KSHV or both viruses. These data will enable an initial estimation of genome diversity and highlight differences at the genetic level between EBV and KSHV from different cell lines. Further studies will generate herpesvirus genome sequences from clinical samples, including varicella, Kaposi’s sarcoma and nasopharyngeal carcinoma to investigate virus genetic diversity and pathogenic determinants.  http://www.sanger.ac.uk/resources/downloads/viruses/herpesviridae-lymphocryptovirus  http://www.sanger.ac.uk/resources/downloads/viruses/herpesviridae-rhadinovirus  http://www.sanger.ac.uk/resources/downloads/viruses/herpesviridae-simplexvirus"	"PMC:11943181,8235469"	"ERS074874"	"WGS"	"SC"	"ERX218579"	"SAMEA1709512"	"human gammaherpesvirus 4"	"-81.04537"	"33.99882"	"INSDC center name"	""	""	""	""	""	""	""	""	""	"161"	"4666"	"3098"	"507925"	"49"	"112618"	"347"	"5547207"	"Illumina HiSeq 2000"	"PAIRED"	"RANDOM"	"GENOMIC"	"2674250"	"ILLUMINA"	"ERP001026"	"2013-03-23T00:00:00"	"61"	"200"	"85"	""	""	"37"	"0.98"	"1"	"0.6"	"1"
"SRR9106180"	"1"	"PRJNA543951"	"SAMN11792040"	"Oryza sativa Japonica Group Raw sequence reads"	"wild type at the early germination stage (0h)"	""	"SRS4803621"	"RNA-Seq"	"NANJING AGRICULTURAL UNIVERSITY"	"SRX5880878"	"WT_0h"	"Oryza sativa Japonica Group"	"118.76598"	"32.04978"	"geo_loc_name_sam"	"{""geo_loc_name_country_calc"": [116.38765, 39.90657], ""geo_loc_name"": [""118.76598"", ""32.04978""]}"	""	""	""	""	"seed"	"tissue"	"seed"	"BTO_0001226"	"194"	"1166427"	"5002"	"90292165"	"39"	"9632868"	"2268"	"422936301"	"Illumina HiSeq 2500"	"PAIRED"	"RANDOM PCR"	"TRANSCRIPTOMIC"	"WT_0h_1"	"ILLUMINA"	"SRP199142"	"2019-05-22T00:00:00"	"3989"	"300"	"10489"	"Plant"	""	"3"	"1"	"1"	"1"	"1"
"ERR244053"	"1"	"PRJEB2768"	"SAMEA1709541"	"Herpesvirus_whole_genome_sequencing"	"Very little is known about genome diversity of herpesviruses and there are currently very few genome sequences in Genbank. Whole genome sequencing of large DNA viruses is complicated by the difficulty in separating virus DNA from human DNA. In this project we will address this issue by using Agilent SureSelect technology and Illumina deep sequencing to sequence several members of the herpesvirus family, including Epstein Barr virus (EBV, HHV4), Kaposi’s sarcoma associated herpesvirus (KSHV, HHV8) and varicella zoster virus (VZV, HHV3). We have designed custom baits to the available reference sequences and will use these to pull out virus sequence from host DNA and then Illumina sequence the captured virus DNA. The short read data will be assembled into a genome consensus sequence for each virus and importantly, allow analysis of virus minority species, which may be important for pathogenesis.  We will use a range of samples including DNA from cell lines latently infected with either EBV or KSHV or both viruses. These data will enable an initial estimation of genome diversity and highlight differences at the genetic level between EBV and KSHV from different cell lines. Further studies will generate herpesvirus genome sequences from clinical samples, including varicella, Kaposi’s sarcoma and nasopharyngeal carcinoma to investigate virus genetic diversity and pathogenic determinants.  http://www.sanger.ac.uk/resources/downloads/viruses/herpesviridae-lymphocryptovirus  http://www.sanger.ac.uk/resources/downloads/viruses/herpesviridae-rhadinovirus  http://www.sanger.ac.uk/resources/downloads/viruses/herpesviridae-simplexvirus"	"PMC:11943181,8235469"	"ERS074882"	"WGS"	"SC"	"ERX218587"	"SAMEA1709541"	"Human alphaherpesvirus 3"	"-81.04537"	"33.99882"	"INSDC center name"	""	""	""	""	""	""	""	""	""	"1650"	"21800"	"17098"	"5871022"	"38"	"1215782"	"824"	"50489946"	"Illumina HiSeq 2000"	"PAIRED"	"RANDOM"	"GENOMIC"	"2674274"	"ILLUMINA"	"ERP001026"	"2013-06-13T00:00:00"	"1237"	"200"	"2072"	""	""	"37"	"0.98"	"1"	"0.6"	"1"
"ERR6150241"	"1"	"PRJEB45678"	"SAMEA8946462"	"A Variant allele in Varicella-Zoster Virus Glycoprotein B, Selected during Production of the Varicella Vaccine, Contributes to its Attenuation"	"Attenuation of the live varicella Oka vaccine (vOka) has been attributed to mutations in the genome acquired during cell culture passage of pOka (parent strain); however, the precise mechanisms of attenuation remain unknown. Comparative sequence analyses of several vaccine batches showed that over 100 single-nucleotide polymorphisms (SNPs) are conserved across all vaccine batches; six SNPs are fixed or nearly fixed, suggesting that these SNPs are responsible for attenuation. By contrast, prior analysis of chimeric vOka and pOka recombinants indicates that loci other than these six SNPs contribute to attenuation. Here, we report that pOka consists of a heterogenous population of virus sequences with two nearly equally represented bases, G or A, at nucleotide 2096 of ORF31 which encodes glycoprotein B (gB) resulting in arginine (R) or glutamine (Q), respectively, at amino acid 699 of gB. While 2096A/699Q is dominant in vOka (99.99 to 100%). gB699Q/gH/gL showed significantly less fusion activity than gB699R/gH/gL in a cell-based fusion assay. Recombinant pOka with gB-669Q (rpOka-gB699Q) had a similar growth phenotype as vOka during lytic infection in cell culture; however, rpOka-gB699R showed a growth phenotype similar to pOka. rpOka-gB699R entered neurons from axonal terminals more efficiently than rpOka-gB699Q in the presence of cell membrane-derived vesicles containing gB. Strikingly, when a mixture of pOka with both alleles equally represented was used to infect human neurons from axon terminals, pOka with gB699R was dominant for virus entry. These results identify a variant allele in gB that contributes to attenuation of vOka."	"PMC:9426484"	"ERS6629236"	"WGS"	"NEW YORK UNIVERSITY SCHOOL OF MEDICINE"	"ERX5787065"	"SAMEA8946462"	"Human alphaherpesvirus 3"	"-73.9743"	"40.7423"	"INSDC center name"	""	""	""	""	""	""	""	""	""	"189"	"520897"	"2953"	"63478397"	"107"	"2245376"	"720"	"155246191"	"NextSeq 550"	"PAIRED"	"RANDOM"	"GENOMIC"	"pOka_14d_latency_rep2"	"ILLUMINA"	"ERP129818"	"2021-10-04T00:00:00"	"393"	"370"	"663"	""	""	"22"	"0.98"	"1"	"0.66"	"1"
"ERR6752378"	"1"	"PRJEB42868"	"SAMEA9957671"	"Reannotation of the simian varicella virus lytic transcriptome and characterization of the latency-associated transcript"	"Varicella-zoster virus (VZV), an endemic human alphaherpesvirus, causes varicella and establishes lifelong latency in the neurons of the dorsal root and trigeminal ganglia. Later in life, reactivation from latency results in herpes zoster, a condition that is often complicated by untreatable debilitating chronic pain in the affected dermatome. Since VZV is highly species-specific, no small animal models exist that fully recapitulate the viral life cycle. Simian varicella virus (SVV) is the closest known relative of VZV and experimental infection of non-human primates with SVV recapitulates all features of human VZV disease, thus providing an opportunity to study the pathogenesis of VZV disease and latency in vivo. SVV and VZV genomes are co-linear, similar in size and share most open reading frames. The SVV transcriptome is currently annotated based on homology to VZV, likely underestimating complexity and differences between the two viruses. Here, we use direct long-read RNA sequencing to redefine the SVV transcriptome during in vitro and in vivo lytic infection, and reveal previously unrecognized isoforms, splicing events and fusion transcripts, of which some are conserved with VZV. Furthermore, we characterized the SVV homologue of the VZV latency-associated transcript (VLT), that, similar its VZV homologue is located antisense the immediate-early gene ORF61, multiply spliced and exists in many different isoforms during lytic infection, whereas a single dominant form is found during in vivo latency. In summary, this works contributes to understanding the molecular biology of SVV infection, thereby providing a solid basis for further studies into the pathogenesis of lytic and latent infection of both SVV and VZV."	""	"ERS7635975"	"WGS"	"NEW YORK UNIVERSITY SCHOOL OF MEDICINE"	"ERX6376324"	"SAMEA9957671"	"Human alphaherpesvirus 3"	"-73.9743"	"40.7423"	"INSDC center name"	""	""	""	""	""	""	""	""	""	"241"	"526551"	"14730"	"65371403"	"51"	"3487981"	"977"	"189832173"	"Illumina MiSeq"	"PAIRED"	"RANDOM"	"GENOMIC"	"EMC1-VLTwt"	"ILLUMINA"	"ERP126789"	"2021-09-28T00:00:00"	"902"	"600"	"1604"	""	""	"22"	"0.98"	"1"	"0.66"	"1"
"SRR23024392"	"1"	"PRJNA921818"	"SAMN32634556"	"Genome-wide comparison of varicella-zoster virus vaccines"	"In this study, a high throughput sequencing technology was utilized to obtain deep coverage for VZV genome in four commercial vaccines. Genetic variants in the vaccines were identified and compared to the reference genomes of Dumas, pOka, vOka, and MAV/06, allowing the tracing of origin of the variants."	""	"SRS16401490"	"WGS"	"AJOU UNIVERSITY"	"SRX18979892"	"MSD_rep2"	"Human alphaherpesvirus 3"	"126.99989"	"37.55886"	"geo_loc_name"	"{""geo_loc_name_sam"": [126.99989, 37.55886], ""geo_loc_name_country_calc"": [""126.99989"", ""37.55886""]}"	""	""	""	""	""	""	""	""	"167"	"7335064"	"5077"	"827027336"	"92"	"27692960"	"3159"	"1813245735"	"Illumina NovaSeq 6000"	"PAIRED"	"PCR"	"GENOMIC"	"MSD_rep2"	"ILLUMINA"	"SRP416618"	"2023-02-09T00:00:00"	"2325"	"302"	"7005"	"Viral"	"2022-08-01"	"11"	"1"	"1"	"1"	"1"
"ERR3209937"	"1"	"PRJEB31632"	"SAMEA5410197"	"Hospital Microbiome"	"Although disinfection is key to infection control, the colonization patterns and resistomes of hospital-environment microbes remain underexplored. We report the first extensive genomic characterization of microbiomes, pathogens and antibiotic-resistance cassettes in a tertiary hospital from repeated sampling (up to 1.5 years apart) of 179 sites from 45 beds. Deep shotgun-metagenomics unveiled distinct ecological niches of microbes and antibiotic-resistance genes characterized by biofilm-forming and human-microbiome influenced environments with corresponding patterns of spatiotemporal divergence. Quasi-metagenomics with nanopore sequencing provided thousands of high-contiguity genomes, phage and plasmid sequences (>60% novel), enabling characterization of resistome/mobilome diversity and dynamic architectures in hospital environments. Phylogenetics identified multidrug-resistant strains as being widely-distributed and stably-colonizing across sites. Comparisons with clinical isolates indicated that they persist in hospitals for extended periods (>8 years), opportunistically infecting patients. These findings highlight the importance of characterizing antibiotic-resistance reservoirs in hospitals and establishes feasibility of systematic surveys to target resources for preventing infections."	"PMC:8346589"	"ERS3215504"	"WGS"	"GENOME INSTITRUTE OF SINGAPORE"	"ERX3237548"	"SAMEA5410197"	"metagenome"	"103.79258"	"1.30263"	"INSDC center name"	""	""	""	""	""	""	""	""	""	"229"	"170090"	"29462"	"39643611"	"94"	"2869925"	"1469"	"220442884"	"Illumina HiSeq 2000"	"PAIRED"	"RANDOM"	"METAGENOMIC"	"unspecified"	"ILLUMINA"	"ERP114207"	"2019-05-23T00:00:00"	"454"	"200"	"961"	""	""	"3"	"0.86"	"1"	"0.57"	"1"
"ERR244067"	"1"	"PRJEB2768"	"SAMEA1709517"	"Herpesvirus_whole_genome_sequencing"	"Very little is known about genome diversity of herpesviruses and there are currently very few genome sequences in Genbank. Whole genome sequencing of large DNA viruses is complicated by the difficulty in separating virus DNA from human DNA. In this project we will address this issue by using Agilent SureSelect technology and Illumina deep sequencing to sequence several members of the herpesvirus family, including Epstein Barr virus (EBV, HHV4), Kaposi’s sarcoma associated herpesvirus (KSHV, HHV8) and varicella zoster virus (VZV, HHV3). We have designed custom baits to the available reference sequences and will use these to pull out virus sequence from host DNA and then Illumina sequence the captured virus DNA. The short read data will be assembled into a genome consensus sequence for each virus and importantly, allow analysis of virus minority species, which may be important for pathogenesis.  We will use a range of samples including DNA from cell lines latently infected with either EBV or KSHV or both viruses. These data will enable an initial estimation of genome diversity and highlight differences at the genetic level between EBV and KSHV from different cell lines. Further studies will generate herpesvirus genome sequences from clinical samples, including varicella, Kaposi’s sarcoma and nasopharyngeal carcinoma to investigate virus genetic diversity and pathogenic determinants.  http://www.sanger.ac.uk/resources/downloads/viruses/herpesviridae-lymphocryptovirus  http://www.sanger.ac.uk/resources/downloads/viruses/herpesviridae-rhadinovirus  http://www.sanger.ac.uk/resources/downloads/viruses/herpesviridae-simplexvirus"	"PMC:11943181,8235469"	"ERS074863"	"WGS"	"SC"	"ERX218601"	"SAMEA1709517"	"human gammaherpesvirus 4"	"-81.04537"	"33.99882"	"INSDC center name"	""	""	""	""	""	""	""	""	""	"2543"	"1128"	"18394"	"355006"	"61"	"25925"	"964"	"1519305"	"Illumina HiSeq 2000"	"PAIRED"	"RANDOM"	"GENOMIC"	"2674239"	"ILLUMINA"	"ERP001026"	"2013-03-23T00:00:00"	"16"	"200"	"28"	""	""	"37"	"0.98"	"1"	"0.6"	"1"
"SRR4019621"	"1"	"PRJNA338650"	"SAMN05560343"	"Cell responses to dysregulated VZV-induced cell-cell fusion"	"The highly conserved herpesvirus glycoprotein complex, gB/gH-gL, mediates membrane fusion during virion entry and cell-cell fusion.  Varicella-zoster virus (VZV) characteristically forms multi-nucleated cells, or syncytia, during the infection of human tissues but little is known about this process.  The cytoplasmic domain of VZV gB (gBcyt) has been implicated in cell-cell fusion regulation because a gB[Y881F] substitution causes hyperfusion.  The gBcyt regulation is necessary for VZV pathogenesis as the hyperfusogenic mutant gB[Y881F] is severely attenuated in human skin xenografts.  In this study, gBcyt regulated fusion was investigated by comparing melanoma cells infected with wild type-like VZV or hyperfusogenic mutants.  The gB[Y881F] mutant exhibited dramatically accelerated syncytia formation in melanoma cells caused by fusion of infected cells with many uninfected cells, increased cytoskeleton reorganization and rapid displacement of nuclei to dense central structures when compared to pOka using live cell confocal microscopy.  VZV and human transcriptomes were concurrently investigated using RNA-seq to identify viral and cellular responses induced when the gBcyt regulation was disrupted by the gB[Y881F] substitution.  The expression of four vital VZV genes, ORF61 and glycoproteins, gC, gE and gI, was significantly reduced at 36 hours post infection for the hyperfusogenic mutants.  Importantly, hierarchical clustering demonstrated an association of differential gene expression with dysregulated gBcyt-mediated fusion.  A subset of Ras GTPase genes linked to membrane remodeling were upregulated in cells infected with the hyperfusogenic mutants.  These data implicate the gBcyt in the regulation gB fusion function that, if unmodulated, triggers cellular processes leading to hyperfusion that attenuates VZV infection.Overall design: Biological duplicates from 3 time points (12, 24 and 36 hours post infection) of uninfected MeWo cells or MeWo cells infected with varicella-zoster virus strain pOka or mutants gB[Y881F], gB[Y920F] or gB[Y881/920F]"	"PubMed:27795423"	"SRS1610266"	"RNA-Seq"	"GEO"	"SRX2013142"	"GSM2267755"	"Homo sapiens"	""	""	""	""	""	""	""	""	""	""	""	""	"464"	"51594"	"6942"	"12112765"	"53"	"945453"	"1917"	"53335174"	"Illumina HiSeq 2000"	"SINGLE"	"cDNA"	"TRANSCRIPTOMIC"	""	"ILLUMINA"	"SRP081284"	"2017-03-01T00:00:00"	"531"	"51"	"829"	""	""	"0"	""	""	""	""
"SRR23024401"	"1"	"PRJNA921818"	"SAMN32634549"	"Genome-wide comparison of varicella-zoster virus vaccines"	"In this study, a high throughput sequencing technology was utilized to obtain deep coverage for VZV genome in four commercial vaccines. Genetic variants in the vaccines were identified and compared to the reference genomes of Dumas, pOka, vOka, and MAV/06, allowing the tracing of origin of the variants."	""	"SRS16401481"	"WGS"	"AJOU UNIVERSITY"	"SRX18979883"	"GC_rep1"	"Human alphaherpesvirus 3"	"126.99989"	"37.55886"	"geo_loc_name"	"{""geo_loc_name_country_calc"": [126.99989, 37.55886], ""geo_loc_name_sam"": [""126.99989"", ""37.55886""]}"	""	""	""	""	""	""	""	""	"157"	"7748614"	"3779"	"840923454"	"103"	"25362654"	"1694"	"1730190608"	"Illumina NovaSeq 6000"	"PAIRED"	"PCR"	"GENOMIC"	"GC_rep1"	"ILLUMINA"	"SRP416618"	"2023-02-09T00:00:00"	"2349"	"302"	"7417"	"Viral"	"2022-08-01"	"11"	"1"	"1"	"1"	"1"
"ERR3210018"	"1"	"PRJEB31632"	"SAMEA5410278"	"Hospital Microbiome"	"Although disinfection is key to infection control, the colonization patterns and resistomes of hospital-environment microbes remain underexplored. We report the first extensive genomic characterization of microbiomes, pathogens and antibiotic-resistance cassettes in a tertiary hospital from repeated sampling (up to 1.5 years apart) of 179 sites from 45 beds. Deep shotgun-metagenomics unveiled distinct ecological niches of microbes and antibiotic-resistance genes characterized by biofilm-forming and human-microbiome influenced environments with corresponding patterns of spatiotemporal divergence. Quasi-metagenomics with nanopore sequencing provided thousands of high-contiguity genomes, phage and plasmid sequences (>60% novel), enabling characterization of resistome/mobilome diversity and dynamic architectures in hospital environments. Phylogenetics identified multidrug-resistant strains as being widely-distributed and stably-colonizing across sites. Comparisons with clinical isolates indicated that they persist in hospitals for extended periods (>8 years), opportunistically infecting patients. These findings highlight the importance of characterizing antibiotic-resistance reservoirs in hospitals and establishes feasibility of systematic surveys to target resources for preventing infections."	"PMC:8346589"	"ERS3215585"	"WGS"	"GENOME INSTITRUTE OF SINGAPORE"	"ERX3237629"	"SAMEA5410278"	"metagenome"	"103.79258"	"1.30263"	"INSDC center name"	""	""	""	""	""	""	""	""	""	"294"	"152216"	"19043"	"39768496"	"87"	"2095326"	"3730"	"161535737"	"Illumina HiSeq 2000"	"PAIRED"	"RANDOM"	"METAGENOMIC"	"unspecified"	"ILLUMINA"	"ERP114207"	"2019-05-23T00:00:00"	"344"	"201"	"770"	""	""	"3"	"0.86"	"1"	"0.57"	"1"
"ERR244057"	"1"	"PRJEB2768"	"SAMEA1709526"	"Herpesvirus_whole_genome_sequencing"	"Very little is known about genome diversity of herpesviruses and there are currently very few genome sequences in Genbank. Whole genome sequencing of large DNA viruses is complicated by the difficulty in separating virus DNA from human DNA. In this project we will address this issue by using Agilent SureSelect technology and Illumina deep sequencing to sequence several members of the herpesvirus family, including Epstein Barr virus (EBV, HHV4), Kaposi’s sarcoma associated herpesvirus (KSHV, HHV8) and varicella zoster virus (VZV, HHV3). We have designed custom baits to the available reference sequences and will use these to pull out virus sequence from host DNA and then Illumina sequence the captured virus DNA. The short read data will be assembled into a genome consensus sequence for each virus and importantly, allow analysis of virus minority species, which may be important for pathogenesis.  We will use a range of samples including DNA from cell lines latently infected with either EBV or KSHV or both viruses. These data will enable an initial estimation of genome diversity and highlight differences at the genetic level between EBV and KSHV from different cell lines. Further studies will generate herpesvirus genome sequences from clinical samples, including varicella, Kaposi’s sarcoma and nasopharyngeal carcinoma to investigate virus genetic diversity and pathogenic determinants.  http://www.sanger.ac.uk/resources/downloads/viruses/herpesviridae-lymphocryptovirus  http://www.sanger.ac.uk/resources/downloads/viruses/herpesviridae-rhadinovirus  http://www.sanger.ac.uk/resources/downloads/viruses/herpesviridae-simplexvirus"	"PMC:11943181,8235469"	"ERS074886"	"WGS"	"SC"	"ERX218591"	"SAMEA1709526"	"Human alphaherpesvirus 3"	"-81.04537"	"33.99882"	"INSDC center name"	""	""	""	""	""	""	""	""	""	"61"	"26578"	"1668"	"1527060"	"39"	"473302"	"312"	"20512857"	"Illumina HiSeq 2000"	"PAIRED"	"RANDOM"	"GENOMIC"	"2674286"	"ILLUMINA"	"ERP001026"	"2013-06-13T00:00:00"	"243"	"200"	"476"	""	""	"37"	"0.98"	"1"	"0.6"	"1"
"SRR1714192"	"1"	"PRJNA270359"	"SAMN03265809"	"NIBSC_BSRI Metagenome"	"Corresponds to a biological reagent provided by the National Institute for Biological Standards and Control (NIBSC). This reagent is assembled from clinical specimens and egg- and cell-cultured passaged viruses and consists of a pool of 25 human viral pathogens from two DNA and seven RNA viral families, including adenovirus 2 and 41, herpesviruses 1-5, rotavirus A, astrovirus, norovirus GI and GII, sapovirus C12, coronavirus 229E, parechovirus 3, rhinovirus A39, coxsackievirus B4, influenza viruses A(H1N1), A(H3N2), and B, human metapneumovirus, respiratory syncytial virus, and parainfluenzaviruses 1-4."	""	"SRS791713"	"WGS"	"BSRI"	"SRX810507"	"NIBSC_BSRI"	"Abutilon Brazil virus"	"-77.11"	"38.98"	"lat_lon"	"{""geo_loc_name"": [-122.41966, 37.77712], ""geo_loc_name_sam"": [-122.41966, 37.77712], ""geo_loc_name_country_calc"": [""-77.03196"", ""38.89036""]}"	"paragraph"	"influenza"	"influenza"	"DOID_8469"	""	""	""	""	"114"	"76334"	"5502"	"6989588"	"38"	"1137845"	"1198"	"48628458"	"Illumina MiSeq"	"SINGLE"	"RANDOM"	"METAGENOMIC"	""	"ILLUMINA"	"SRP051174"	"2014-12-17T00:00:00"	"352"	"405"	"517"	"Pathogen.env"	""	"1"	"1"	"1"	"1"	"1"
"SRR10017909"	"1"	"PRJNA561812"	"SAMN12628646"	"Kallikrein-mediated cytokeratin 10 degradation is required for VZV propagation in skin"	"Varicella Zoster Virus (VZV) is a skin-tropic virus that infects epidermal keratinocytes and causes chickenpox. Although common, VZV infection can be life-threatening particularly in the immunocompromised. Therefore, understanding VZV-keratinocyte interactions is important to find new treatments beyond vaccination and anti-viral drugs. In VZV- infected skin, Kallikrein 6 (KLK6), and the ubiquitin-ligase MDM2 are up-regulated concomitant with Keratin 10 (K10) down-regulation. MDM2 binds to K10 targeting it for degradation via the ubiquitin-proteasome pathway. Preventing K10 degradation reduced VZV propagation in culture and prevented epidermal disruption in skin explants. K10 knockdown induced expression of the nuclear receptor subfamily 4, group A, member 1 (NR4A1) and enhanced viral propagation in culture. NR4A1 knockdown prevented viral propagation in culture, reduced LC3 levels and increased LAMP2 expression. We therefore describe a novel drug-able pathway whereby MDM2 ubiquitinates and degrades K10 increasing NR4A1 expression allowing VZV replication and propagation."	""	"SRS5304777"	"RNA-Seq"	"UCL"	"SRX6755703"	"MeWo"	"Homo sapiens"	""	""	""	""	""	""	""	""	"skin"	"tissue"	"skin"	"BTO_0001253"	""	""	""	""	"41"	"5035724"	"765"	"208565245"	"NextSeq 550"	"PAIRED"	"Oligo-dT"	"TRANSCRIPTOMIC"	"pOka-V24-1"	"ILLUMINA"	"SRP219194"	"2019-08-26T00:00:00"	"1400"	"83"	"3434"	"Human"	""	"0"	""	""	""	""
"ERR244049"	"1"	"PRJEB2768"	"SAMEA1709571"	"Herpesvirus_whole_genome_sequencing"	"Very little is known about genome diversity of herpesviruses and there are currently very few genome sequences in Genbank. Whole genome sequencing of large DNA viruses is complicated by the difficulty in separating virus DNA from human DNA. In this project we will address this issue by using Agilent SureSelect technology and Illumina deep sequencing to sequence several members of the herpesvirus family, including Epstein Barr virus (EBV, HHV4), Kaposi’s sarcoma associated herpesvirus (KSHV, HHV8) and varicella zoster virus (VZV, HHV3). We have designed custom baits to the available reference sequences and will use these to pull out virus sequence from host DNA and then Illumina sequence the captured virus DNA. The short read data will be assembled into a genome consensus sequence for each virus and importantly, allow analysis of virus minority species, which may be important for pathogenesis.  We will use a range of samples including DNA from cell lines latently infected with either EBV or KSHV or both viruses. These data will enable an initial estimation of genome diversity and highlight differences at the genetic level between EBV and KSHV from different cell lines. Further studies will generate herpesvirus genome sequences from clinical samples, including varicella, Kaposi’s sarcoma and nasopharyngeal carcinoma to investigate virus genetic diversity and pathogenic determinants.  http://www.sanger.ac.uk/resources/downloads/viruses/herpesviridae-lymphocryptovirus  http://www.sanger.ac.uk/resources/downloads/viruses/herpesviridae-rhadinovirus  http://www.sanger.ac.uk/resources/downloads/viruses/herpesviridae-simplexvirus"	"PMC:11943181,8235469"	"ERS074878"	"WGS"	"SC"	"ERX218583"	"SAMEA1709571"	"Human alphaherpesvirus 3"	"-81.04537"	"33.99882"	"INSDC center name"	""	""	""	""	""	""	""	""	""	"33"	"65075"	"2961"	"2408782"	"33"	"834011"	"345"	"28967143"	"Illumina HiSeq 2000"	"PAIRED"	"RANDOM"	"GENOMIC"	"2674270"	"ILLUMINA"	"ERP001026"	"2013-06-13T00:00:00"	"904"	"200"	"1351"	""	""	"37"	"0.98"	"1"	"0.6"	"1"
"SRR7948106"	"1"	"PRJNA493815"	"SAMN10148250"	"Vaccine measles, mumps, rubella, chickenpox Metagenome"	"Effect of sequencing coverage reduction on species identification in complex biological matrix"	""	"SRS3862238"	"WGS"	"IGA TECHNOLOGY SERVICES SRL"	"SRX4782054"	"B1"	"metagenome"	"12.49563"	"41.90325"	"geo_loc_name"	"{""geo_loc_name_sam"": [12.49563, 41.90325], ""geo_loc_name_country_calc"": [""12.49563"", ""41.90325""]}"	""	""	""	""	""	""	""	""	"161"	"1180585"	"7702"	"87334694"	"69"	"12823678"	"1517"	"743532945"	"Illumina HiSeq 2500"	"PAIRED"	"PCR"	"METAGENOMIC"	"2_Pri_A"	"ILLUMINA"	"SRP163096"	"2018-10-15T00:00:00"	"1067"	"245"	"2708"	"Metagenome or environmental"	""	"2"	"1"	"1"	"1"	"1"
"ERR4285708"	"1"	"PRJEB38829"	"SAMEA6999495"	"Decoding the architecture of the varicella-zoster virus transcriptome"	"Varicella-zoster virus (VZV), a double-stranded DNA virus, causes varicella, establishes lifelong latency in ganglionic neurons, and reactivates later in life to cause herpes zoster, commonly associated with chronic pain. The VZV genome is densely packed and produces multitudes of overlapping transcripts deriving from both strands. While 71 distinct open reading frames (ORFs) have thus far been experimentally defined, the full coding potential of VZV remains unknown. Here, we integrated multiple short-read RNA sequencing approaches with long-read direct RNA sequencing on RNA isolated from VZV-infected cells to provide a comprehensive reannotation of the lytic VZV transcriptome architecture. Through precise mapping of transcription start sites, splice junctions, and polyadenylation sites, we identified 136 distinct polyadenylated VZV RNAs that encode canonical ORFs, non-canonical ORFs, and ORF fusions, as well as putative non-coding RNAs (ncRNAs). Furthermore, we determined the kinetic class of all VZV transcripts and observed, unexpectedly, that transcripts encoding the ORF62 protein, previously designated as immediate-early, were expressed with late kinetics. Our work showcases the complexity of the VZV transcriptome and provides a comprehensive resource that will facilitate future functional studies of coding RNAs, ncRNAs, and the biological mechanisms underlying the regulation of viral transcription and translation during lytic VZV infection."	"PMC:7542360"	"ERS4767576"	"OTHER"	"NEW YORK UNIVERSITY SCHOOL OF MEDICINE"	"ERX4238120"	"SAMEA6999495"	"Human alphaherpesvirus 3"	"-73.9743"	"40.7423"	"INSDC center name"	""	""	""	""	""	""	""	""	""	"33"	"913088"	"421"	"32877783"	"33"	"13598956"	"185"	"472875628"	"MinION"	"SINGLE"	"Oligo-dT"	"TRANSCRIPTOMIC"	"EMC1-ARPE19-UNT-96-DRS"	"OXFORD_NANOPORE"	"ERP122280"	"2020-08-01T00:00:00"	"1024"	"1187"	"1461"	""	""	"22"	"0.98"	"1"	"0.66"	"1"
"ERR1512381"	"1"	"PRJEB14639"	"SAMEA4058352"	"Deep-sequencing of distinct preparations of the live-attenuated VZV vaccine reveals a conserved core of attenuating SNPs"	"The continued success of the live-attenuated varicella zoster virus vaccine in preventing varicella and herpes zoster is well documented, as are many of the mutations that contribute to the attenuation of the vOka virus for replication in skin. At least three different preparations of vOKa are marketed. Here, we show using deep sequencing of seven batches of vOka vaccine (including ZostaVax, VariVax, VarilRix and the Oka/Biken working seed) from three different manufacturers (VariVax, GSK and Biken) that  137 SNP mutations are present in all vaccine batches. This includes six sites at which the vaccine allele is fixed or near-fixation which we speculate are likely to be important for attenuation. We additionally show that despite differences in the vaccine populations between preparations, batch to batch variation is minimal, as is the number and frequency of mutations unique to individual batches.  This suggests that the vaccine manufacturing processes are not introducing new mutations and notwithstanding the mixture of variants present, VZV live vaccines are extremely stable."	"PMC:5021409"	"ERS1229462"	"Targeted-Capture"	"UNIVERSITY COLLEGE LONDON"	"ERX1583408"	"SAMEA4058352"	"Human alphaherpesvirus 3"	"-0.13466"	"51.52462"	"INSDC center name"	""	""	""	""	""	""	""	""	""	"37"	"204617"	"5530"	"8173255"	"35"	"1520602"	"581"	"56108898"	"Illumina MiSeq"	"PAIRED"	"other"	"GENOMIC"	"VL08"	"ILLUMINA"	"ERP016293"	"2016-07-12T00:00:00"	"298"	"502"	"538"	""	""	"12"	"1"	"1"	"1"	"1"
"SRR23244936"	"1"	"PRJNA928395"	"SAMN32930957"	"Gene expression based molecular test as diagnostic aid for the differential diagnosis of psoriasis and eczema in formalin fixed and paraffin embedded tissue, microbiopsies and tape strips"	"Development of a real-time PCR based molecular classifier to distinguish psoriasis from eczema in FFPE-fixed skin samples and evaluation of the use of minimally invasive microbiopsies and tape strips for molecular diagnosis.Overall design: Performing gene expression analysis using data obtained from RNA-seq of macrobiopsies and microbiopsies of eczema and psoriasis patients"	"PubMed:36889660"	"SRS16601520"	"RNA-Seq"	"ZAUM – CENTER OF ALLERGY AND ENVIRONMENT, TECHNICAL UNIVERSITY OF MUNICH AND HELMHOLTZ CENTER MUNICH"	"SRX19190955"	"GSM6996028"	"Homo sapiens"	""	""	""	""	"condition"	"psoriasis"	"psoriasis"	"DOID_8893"	""	""	""	""	"210"	"827329"	"6188"	"104101502"	"118"	"3794513"	"1690"	"299020114"	"Illumina HiSeq 4000"	"PAIRED"	"cDNA"	"TRANSCRIPTOMIC"	"GSM6996028"	"ILLUMINA"	"SRP419280"	"2023-03-01T00:00:00"	"587"	"271"	"1409"	""	""	"0"	""	""	""	""
"SRR4019616"	"1"	"PRJNA338650"	"SAMN05560314"	"Cell responses to dysregulated VZV-induced cell-cell fusion"	"The highly conserved herpesvirus glycoprotein complex, gB/gH-gL, mediates membrane fusion during virion entry and cell-cell fusion.  Varicella-zoster virus (VZV) characteristically forms multi-nucleated cells, or syncytia, during the infection of human tissues but little is known about this process.  The cytoplasmic domain of VZV gB (gBcyt) has been implicated in cell-cell fusion regulation because a gB[Y881F] substitution causes hyperfusion.  The gBcyt regulation is necessary for VZV pathogenesis as the hyperfusogenic mutant gB[Y881F] is severely attenuated in human skin xenografts.  In this study, gBcyt regulated fusion was investigated by comparing melanoma cells infected with wild type-like VZV or hyperfusogenic mutants.  The gB[Y881F] mutant exhibited dramatically accelerated syncytia formation in melanoma cells caused by fusion of infected cells with many uninfected cells, increased cytoskeleton reorganization and rapid displacement of nuclei to dense central structures when compared to pOka using live cell confocal microscopy.  VZV and human transcriptomes were concurrently investigated using RNA-seq to identify viral and cellular responses induced when the gBcyt regulation was disrupted by the gB[Y881F] substitution.  The expression of four vital VZV genes, ORF61 and glycoproteins, gC, gE and gI, was significantly reduced at 36 hours post infection for the hyperfusogenic mutants.  Importantly, hierarchical clustering demonstrated an association of differential gene expression with dysregulated gBcyt-mediated fusion.  A subset of Ras GTPase genes linked to membrane remodeling were upregulated in cells infected with the hyperfusogenic mutants.  These data implicate the gBcyt in the regulation gB fusion function that, if unmodulated, triggers cellular processes leading to hyperfusion that attenuates VZV infection.Overall design: Biological duplicates from 3 time points (12, 24 and 36 hours post infection) of uninfected MeWo cells or MeWo cells infected with varicella-zoster virus strain pOka or mutants gB[Y881F], gB[Y920F] or gB[Y881/920F]"	"PubMed:27795423"	"SRS1610262"	"RNA-Seq"	"GEO"	"SRX2013141"	"GSM2267754"	"Homo sapiens"	""	""	""	""	""	""	""	""	""	""	""	""	"469"	"53787"	"6237"	"12326117"	"54"	"900288"	"2840"	"52127622"	"Illumina HiSeq 2000"	"SINGLE"	"cDNA"	"TRANSCRIPTOMIC"	""	"ILLUMINA"	"SRP081284"	"2017-03-01T00:00:00"	"502"	"51"	"789"	""	""	"0"	""	""	""	""
"ERR1512382"	"1"	"PRJEB14639"	"SAMEA4058353"	"Deep-sequencing of distinct preparations of the live-attenuated VZV vaccine reveals a conserved core of attenuating SNPs"	"The continued success of the live-attenuated varicella zoster virus vaccine in preventing varicella and herpes zoster is well documented, as are many of the mutations that contribute to the attenuation of the vOka virus for replication in skin. At least three different preparations of vOKa are marketed. Here, we show using deep sequencing of seven batches of vOka vaccine (including ZostaVax, VariVax, VarilRix and the Oka/Biken working seed) from three different manufacturers (VariVax, GSK and Biken) that  137 SNP mutations are present in all vaccine batches. This includes six sites at which the vaccine allele is fixed or near-fixation which we speculate are likely to be important for attenuation. We additionally show that despite differences in the vaccine populations between preparations, batch to batch variation is minimal, as is the number and frequency of mutations unique to individual batches.  This suggests that the vaccine manufacturing processes are not introducing new mutations and notwithstanding the mixture of variants present, VZV live vaccines are extremely stable."	"PMC:5021409"	"ERS1229463"	"Targeted-Capture"	"UNIVERSITY COLLEGE LONDON"	"ERX1583409"	"SAMEA4058353"	"Human alphaherpesvirus 3"	"-0.13466"	"51.52462"	"INSDC center name"	""	""	""	""	""	""	""	""	""	"34"	"170397"	"2320"	"6615539"	"36"	"1127798"	"698"	"42271504"	"Illumina MiSeq"	"PAIRED"	"other"	"GENOMIC"	"VL13"	"ILLUMINA"	"ERP016293"	"2016-07-12T00:00:00"	"222"	"502"	"398"	""	""	"12"	"1"	"1"	"1"	"1"
"ERR244070"	"1"	"PRJEB2768"	"SAMEA1709552"	"Herpesvirus_whole_genome_sequencing"	"Very little is known about genome diversity of herpesviruses and there are currently very few genome sequences in Genbank. Whole genome sequencing of large DNA viruses is complicated by the difficulty in separating virus DNA from human DNA. In this project we will address this issue by using Agilent SureSelect technology and Illumina deep sequencing to sequence several members of the herpesvirus family, including Epstein Barr virus (EBV, HHV4), Kaposi’s sarcoma associated herpesvirus (KSHV, HHV8) and varicella zoster virus (VZV, HHV3). We have designed custom baits to the available reference sequences and will use these to pull out virus sequence from host DNA and then Illumina sequence the captured virus DNA. The short read data will be assembled into a genome consensus sequence for each virus and importantly, allow analysis of virus minority species, which may be important for pathogenesis.  We will use a range of samples including DNA from cell lines latently infected with either EBV or KSHV or both viruses. These data will enable an initial estimation of genome diversity and highlight differences at the genetic level between EBV and KSHV from different cell lines. Further studies will generate herpesvirus genome sequences from clinical samples, including varicella, Kaposi’s sarcoma and nasopharyngeal carcinoma to investigate virus genetic diversity and pathogenic determinants.  http://www.sanger.ac.uk/resources/downloads/viruses/herpesviridae-lymphocryptovirus  http://www.sanger.ac.uk/resources/downloads/viruses/herpesviridae-rhadinovirus  http://www.sanger.ac.uk/resources/downloads/viruses/herpesviridae-simplexvirus"	"PMC:11943181,8235469"	"ERS074866"	"WGS"	"SC"	"ERX218604"	"SAMEA1709552"	"Human alphaherpesvirus 3"	"-81.04537"	"33.99882"	"INSDC center name"	""	""	""	""	""	""	""	""	""	"33"	"614829"	"6412"	"21773280"	"33"	"10761176"	"2575"	"382994657"	"Illumina HiSeq 2000"	"PAIRED"	"RANDOM"	"GENOMIC"	"2674242"	"ILLUMINA"	"ERP001026"	"2013-10-16T00:00:00"	"16615"	"200"	"33619"	""	""	"37"	"0.98"	"1"	"0.6"	"1"
"SRR26205855"	"1"	"PRJNA1021775"	"SAMN37585993"	"Homo sapiens cerebrospinal fluid metagenomic next-generation sequencing Genome sequencing and assembly"	"cerebrospinal fluid metagenomic next-generation sequencing was used to identify the responsible pathogens of hospitalized patients presenting with suspected intracranial infections. The study aims to investigate the circumstances in which CSF mNGS is suitable for patients with suspected intracranial infections to provide a reference for precision medicine of intracranial infections. The identified responsible pathogen sequence was uploaded in this project."	""	"SRS19001701"	"OTHER"	"HARRISON INTERNATIONAL PEACE HOSPITAL"	"SRX21916929"	"A9"	"human brain metagenome"	"116.38765"	"39.90657"	"geo_loc_name"	"{""geo_loc_name_country_calc"": [116.38765, 39.90657], ""geo_loc_name_sam"": [""116.38765"", ""39.90657""]}"	"host_disease"	"encephalitis"	"encephalitis"	"DOID_9588"	""	""	""	""	"5292"	"42"	"32063"	"117298"	"1389"	"389"	"6961"	"129606"	"MGISEQ-2000RS"	"SINGLE"	"other"	"METAGENOMIC"	"A9"	"BGISEQ"	"SRP463703"	"2023-09-28T00:00:00"	"2"	"50"	"3"	"Metagenome or environmental"	"2021-10-11"	"2"	"0.83"	"1"	"0.66"	"0.83"
"SRR4019634"	"1"	"PRJNA338650"	"SAMN05560319"	"Cell responses to dysregulated VZV-induced cell-cell fusion"	"The highly conserved herpesvirus glycoprotein complex, gB/gH-gL, mediates membrane fusion during virion entry and cell-cell fusion.  Varicella-zoster virus (VZV) characteristically forms multi-nucleated cells, or syncytia, during the infection of human tissues but little is known about this process.  The cytoplasmic domain of VZV gB (gBcyt) has been implicated in cell-cell fusion regulation because a gB[Y881F] substitution causes hyperfusion.  The gBcyt regulation is necessary for VZV pathogenesis as the hyperfusogenic mutant gB[Y881F] is severely attenuated in human skin xenografts.  In this study, gBcyt regulated fusion was investigated by comparing melanoma cells infected with wild type-like VZV or hyperfusogenic mutants.  The gB[Y881F] mutant exhibited dramatically accelerated syncytia formation in melanoma cells caused by fusion of infected cells with many uninfected cells, increased cytoskeleton reorganization and rapid displacement of nuclei to dense central structures when compared to pOka using live cell confocal microscopy.  VZV and human transcriptomes were concurrently investigated using RNA-seq to identify viral and cellular responses induced when the gBcyt regulation was disrupted by the gB[Y881F] substitution.  The expression of four vital VZV genes, ORF61 and glycoproteins, gC, gE and gI, was significantly reduced at 36 hours post infection for the hyperfusogenic mutants.  Importantly, hierarchical clustering demonstrated an association of differential gene expression with dysregulated gBcyt-mediated fusion.  A subset of Ras GTPase genes linked to membrane remodeling were upregulated in cells infected with the hyperfusogenic mutants.  These data implicate the gBcyt in the regulation gB fusion function that, if unmodulated, triggers cellular processes leading to hyperfusion that attenuates VZV infection.Overall design: Biological duplicates from 3 time points (12, 24 and 36 hours post infection) of uninfected MeWo cells or MeWo cells infected with varicella-zoster virus strain pOka or mutants gB[Y881F], gB[Y920F] or gB[Y881/920F]"	"PubMed:27795423"	"SRS1610281"	"RNA-Seq"	"GEO"	"SRX2013155"	"GSM2267768"	"Homo sapiens"	""	""	""	""	""	""	""	""	""	""	""	""	"589"	"39747"	"6550"	"12529775"	"53"	"966627"	"2244"	"55065839"	"Illumina HiSeq 2000"	"SINGLE"	"cDNA"	"TRANSCRIPTOMIC"	""	"ILLUMINA"	"SRP081284"	"2017-03-01T00:00:00"	"621"	"51"	"972"	""	""	"0"	""	""	""	""
"SRR4019614"	"1"	"PRJNA338650"	"SAMN05560333"	"Cell responses to dysregulated VZV-induced cell-cell fusion"	"The highly conserved herpesvirus glycoprotein complex, gB/gH-gL, mediates membrane fusion during virion entry and cell-cell fusion.  Varicella-zoster virus (VZV) characteristically forms multi-nucleated cells, or syncytia, during the infection of human tissues but little is known about this process.  The cytoplasmic domain of VZV gB (gBcyt) has been implicated in cell-cell fusion regulation because a gB[Y881F] substitution causes hyperfusion.  The gBcyt regulation is necessary for VZV pathogenesis as the hyperfusogenic mutant gB[Y881F] is severely attenuated in human skin xenografts.  In this study, gBcyt regulated fusion was investigated by comparing melanoma cells infected with wild type-like VZV or hyperfusogenic mutants.  The gB[Y881F] mutant exhibited dramatically accelerated syncytia formation in melanoma cells caused by fusion of infected cells with many uninfected cells, increased cytoskeleton reorganization and rapid displacement of nuclei to dense central structures when compared to pOka using live cell confocal microscopy.  VZV and human transcriptomes were concurrently investigated using RNA-seq to identify viral and cellular responses induced when the gBcyt regulation was disrupted by the gB[Y881F] substitution.  The expression of four vital VZV genes, ORF61 and glycoproteins, gC, gE and gI, was significantly reduced at 36 hours post infection for the hyperfusogenic mutants.  Importantly, hierarchical clustering demonstrated an association of differential gene expression with dysregulated gBcyt-mediated fusion.  A subset of Ras GTPase genes linked to membrane remodeling were upregulated in cells infected with the hyperfusogenic mutants.  These data implicate the gBcyt in the regulation gB fusion function that, if unmodulated, triggers cellular processes leading to hyperfusion that attenuates VZV infection.Overall design: Biological duplicates from 3 time points (12, 24 and 36 hours post infection) of uninfected MeWo cells or MeWo cells infected with varicella-zoster virus strain pOka or mutants gB[Y881F], gB[Y920F] or gB[Y881/920F]"	"PubMed:27795423"	"SRS1610259"	"RNA-Seq"	"GEO"	"SRX2013135"	"GSM2267748"	"Homo sapiens"	""	""	""	""	""	""	""	""	""	""	""	""	"592"	"35335"	"8307"	"12404103"	"55"	"894979"	"2143"	"52895014"	"Illumina HiSeq 2000"	"SINGLE"	"cDNA"	"TRANSCRIPTOMIC"	""	"ILLUMINA"	"SRP081284"	"2017-03-01T00:00:00"	"521"	"51"	"818"	""	""	"0"	""	""	""	""
"ERR244034"	"1"	"PRJEB2768"	"SAMEA1709597"	"Herpesvirus_whole_genome_sequencing"	"Very little is known about genome diversity of herpesviruses and there are currently very few genome sequences in Genbank. Whole genome sequencing of large DNA viruses is complicated by the difficulty in separating virus DNA from human DNA. In this project we will address this issue by using Agilent SureSelect technology and Illumina deep sequencing to sequence several members of the herpesvirus family, including Epstein Barr virus (EBV, HHV4), Kaposi’s sarcoma associated herpesvirus (KSHV, HHV8) and varicella zoster virus (VZV, HHV3). We have designed custom baits to the available reference sequences and will use these to pull out virus sequence from host DNA and then Illumina sequence the captured virus DNA. The short read data will be assembled into a genome consensus sequence for each virus and importantly, allow analysis of virus minority species, which may be important for pathogenesis.  We will use a range of samples including DNA from cell lines latently infected with either EBV or KSHV or both viruses. These data will enable an initial estimation of genome diversity and highlight differences at the genetic level between EBV and KSHV from different cell lines. Further studies will generate herpesvirus genome sequences from clinical samples, including varicella, Kaposi’s sarcoma and nasopharyngeal carcinoma to investigate virus genetic diversity and pathogenic determinants.  http://www.sanger.ac.uk/resources/downloads/viruses/herpesviridae-lymphocryptovirus  http://www.sanger.ac.uk/resources/downloads/viruses/herpesviridae-rhadinovirus  http://www.sanger.ac.uk/resources/downloads/viruses/herpesviridae-simplexvirus"	"PMC:11943181,8235469"	"ERS074856"	"WGS"	"SC"	"ERX218568"	"SAMEA1709597"	"Human alphaherpesvirus 3"	"-81.04537"	"33.99882"	"INSDC center name"	""	""	""	""	""	""	""	""	""	"37"	"17570"	"5308"	"860235"	"34"	"364681"	"728"	"13770344"	"Illumina HiSeq 2000"	"PAIRED"	"RANDOM"	"GENOMIC"	"2674232"	"ILLUMINA"	"ERP001026"	"2013-06-13T00:00:00"	"251"	"200"	"350"	""	""	"37"	"0.98"	"1"	"0.6"	"1"
"SRR156334"	"1"	""	"SAMN00254015"	""	""	""	"SRS183284"	"WGS"	"UCL"	"SRX052992"	"VZV vesicle strain K11"	"Human herpesvirus 3"	""	""	""	""	""	""	""	""	""	""	""	""	"32"	"598290"	"1325"	"21013325"	"32"	"4585735"	"1168"	"159176678"	"Illumina Genome Analyzer IIx"	"PAIRED"	"Hybrid Selection"	"GENOMIC"	"K11"	"ILLUMINA"	"SRP006178"	"2012-01-18T00:00:00"	"872"	"144"	"1439"	""	""	"0"	""	""	""	""
"SRR16554001"	"1"	"PRJNA773920"	"SAMN22544201"	"mNGS of subacute meningitis"	"HIV positive patients presenting with subacute meningitis in Uganda"	"PMC:8967864"	"SRS10703633"	"WGS"	"UNIVERSITY OF CALIFORNIA SAN FRANCISCO"	"SRX12756000"	"UG_SM_2_DNA_1394867-B"	"metagenome"	"32.58252"	"0.3476"	"lat_lon"	"{""geo_loc_name_sam"": [32.57501, 0.31589], ""geo_loc_name_country_calc"": [32.57501, 0.31589], ""geo_loc_name"": [""32.57501"", ""0.31589""]}"	""	""	""	""	""	""	""	""	"297"	"1408"	"2002"	"176578"	"39"	"59508"	"243"	"2361361"	"Illumina NovaSeq 6000"	"PAIRED"	"RANDOM"	"METAGENOMIC"	"Patient_4_DNA"	"ILLUMINA"	"SRP342912"	"2021-10-24T00:00:00"	"4"	"302"	"15"	"Metagenome or environmental"	"2018-03-01"	"3"	"0.96"	"1"	"0.89"	"1"
"SRR17300636"	"0.975"	"PRJNA791118"	"SAMN24223921"	"Vertical stratification of the air microbiome in the lower troposphere"	"Vertical stratification of the air microbiome in the lower troposphere"	""	"SRS11374443"	"WGS"	"NANYANG TECHNOLOGICAL UNIVERSITY"	"SRX13477682"	"IBUF388"	"air metagenome"	"10.5597"	"52.3164"	"lat_lon"	"{""geo_loc_name_country_calc"":[13.37691,52.51604],""geo_loc_name_sam"":[10.5274,52.26546],""geo_loc_name"":[10.5274,52.26546]}"	""	""	""	""	""	""	""	""	"217"	"1766817"	"9871"	"346117535"	"192"	"4134360"	"3142"	"491236154"	"Illumina HiSeq 2500"	"PAIRED"	"RANDOM"	"METAGENOMIC"	"IBUF388"	"ILLUMINA"	"SRP352014"	"2022-08-19T00:00:00"	"630"	"475"	"1294"	"Metagenome or environmental"	"2018-10-10"	"1"	"0.98"	"0.98"	"0.98"	"0.98"
"SRR8159671"	"0.968"	"PRJNA503899"	"SAMN10380625"	"Insights into the role of immunomodulation of ZIKV-infected UCMSC by using transcriptomic analysis."	"RNA profiles of UCMSC infected with various ZIKV strains were generated by High-throughput sequencing using Illumina Hi-seq 2500Overall design: Investigation of host immunesuppression effect differences in response to infection with ZIKV two strains."	"PubMed:32902370"	"SRS4017823"	"RNA-Seq"	"GEO"	"SRX4980514"	"GSM3457523"	"Homo sapiens"	""	""	""	""	""	""	""	""	""	""	""	""	"498"	"453071"	"12179"	"67130756"	"46"	"6008350"	"6131"	"293986028"	"Illumina HiSeq 2500"	"PAIRED"	"cDNA"	"TRANSCRIPTOMIC"	""	"ILLUMINA"	"SRP167893"	"2018-11-07T00:00:00"	"4599"	"202"	"6494"	""	""	"0"	""	""	""	""
"SRR4019624"	"0.968"	"PRJNA338650"	"SAMN05560326"	"Cell responses to dysregulated VZV-induced cell-cell fusion"	"The highly conserved herpesvirus glycoprotein complex, gB/gH-gL, mediates membrane fusion during virion entry and cell-cell fusion.  Varicella-zoster virus (VZV) characteristically forms multi-nucleated cells, or syncytia, during the infection of human tissues but little is known about this process.  The cytoplasmic domain of VZV gB (gBcyt) has been implicated in cell-cell fusion regulation because a gB[Y881F] substitution causes hyperfusion.  The gBcyt regulation is necessary for VZV pathogenesis as the hyperfusogenic mutant gB[Y881F] is severely attenuated in human skin xenografts.  In this study, gBcyt regulated fusion was investigated by comparing melanoma cells infected with wild type-like VZV or hyperfusogenic mutants.  The gB[Y881F] mutant exhibited dramatically accelerated syncytia formation in melanoma cells caused by fusion of infected cells with many uninfected cells, increased cytoskeleton reorganization and rapid displacement of nuclei to dense central structures when compared to pOka using live cell confocal microscopy.  VZV and human transcriptomes were concurrently investigated using RNA-seq to identify viral and cellular responses induced when the gBcyt regulation was disrupted by the gB[Y881F] substitution.  The expression of four vital VZV genes, ORF61 and glycoproteins, gC, gE and gI, was significantly reduced at 36 hours post infection for the hyperfusogenic mutants.  Importantly, hierarchical clustering demonstrated an association of differential gene expression with dysregulated gBcyt-mediated fusion.  A subset of Ras GTPase genes linked to membrane remodeling were upregulated in cells infected with the hyperfusogenic mutants.  These data implicate the gBcyt in the regulation gB fusion function that, if unmodulated, triggers cellular processes leading to hyperfusion that attenuates VZV infection.Overall design: Biological duplicates from 3 time points (12, 24 and 36 hours post infection) of uninfected MeWo cells or MeWo cells infected with varicella-zoster virus strain pOka or mutants gB[Y881F], gB[Y920F] or gB[Y881/920F]"	"PubMed:27795423"	"SRS1610278"	"RNA-Seq"	"GEO"	"SRX2013145"	"GSM2267758"	"Homo sapiens"	""	""	""	""	""	""	""	""	""	""	""	""	"618"	"42152"	"8206"	"14225319"	"57"	"913943"	"3484"	"55102564"	"Illumina HiSeq 2000"	"SINGLE"	"cDNA"	"TRANSCRIPTOMIC"	""	"ILLUMINA"	"SRP081284"	"2017-03-01T00:00:00"	"571"	"51"	"910"	""	""	"0"	""	""	""	""
"SRR23991548"	"0.961"	"PRJNA949617"	"SAMN33950808"	"Lack of strong innate immune reactivity renders macrophages alone unable to control productive Varicella-Zoster Virus infection in an isogenic human iPSC-derived neuronal co-culture model."	"With Varicella-Zoster Virus (VZV) being an exclusive human pathogen, human induced pluripotent stem cell (hiPSC)-derived neural cell culture models are an emerging tool to investigate VZV neuro-immune interactions. Using a compartmentalized hiPSC-derived neuronal model allowing axonal VZV infection, we previously demonstrated that paracrine interferon (IFN)-α2 signalling is required to activate a broad spectrum of interferon-stimulated genes able to counteract a productive VZV infection in hiPSC-neurons. In this new study, we now investigated whether innate immune signalling by VZV-challenged macrophages was able to orchestrate an antiviral immune response in VZV-infected hiPSC-neurons. In order to establish an isogenic hiPSC-neuron / hiPSC-macrophage co-culture model, hiPSC-macrophages were generated and characterised for phenotype, gene expression, cytokine production and phagocytic capacity. Even though immunological competence of hiPSC-macrophages was shown following stimulation with the VZV mimic poly(dA:dT) or treatment with IFN-α2, hiPSC-macrophages in co-culture with VZV-infected hiPSC-neurons were unable to mount an antiviral immune response capable of suppressing a productive neuronal VZV infection. Subsequently, a comprehensive RNA-Seq analysis confirmed the lack of strong immune responsiveness by hiPSC-neurons and hiPSC-macrophages upon, respectively, VZV infection or challenge. This may suggest the need of other cell types, like T-cells or other innate immune cells, to (co-)orchestrate an efficient antiviral immune response against VZV-infected neurons.Overall design: We generated bulk RNA-seq samples from both hiPSC-neurons and hiPSC-macrophages, stimulated with the pro-inflammatory pdAT or cell-free VZV-eGFP/ORF23."	"PubMed:37287975"	"SRS17157641"	"RNA-Seq"	"VACCINE AND INFECTIOUS DISEASE INSTITUTE (VAXINFECTIO), UNIVERSITY OF ANTWERP"	"SRX19795218"	"GSM7120143"	"Homo sapiens"	""	""	""	""	""	""	""	""	""	""	""	""	"32"	"1205790"	"760"	"45796415"	"33"	"4241610"	"625"	"167657354"	"NextSeq 500"	"SINGLE"	"cDNA"	"TRANSCRIPTOMIC"	"GSM7120143"	"ILLUMINA"	"SRP429741"	"2023-04-19T00:00:00"	"221"	"149"	"506"	""	""	"0"	""	""	""	""
"SRR12373920"	"0.953"	"PRJNA650393"	"SAMN15704866"	"MethylC-capture sequencing of control, osteoporotic, and Astragalus polysaccharides (APS)-treated osteoporotic SD rats"	"SD rats were intramuscular injected with dexamethasone to induce osteoporosis, and treated with APS. Then, colonic epithelia of control, osteoporotic and APS-treated osteoporotic rats were collected for MethylC-capture sequencing .Overall design: examination of DNA methylation in colonic epithelia of  three groups of rats"	""	"SRS7133850"	"Bisulfite-Seq"	"GEO"	"SRX8872895"	"GSM4708365"	"Rattus norvegicus"	""	""	""	""	""	""	""	""	"colon"	"tissue"	"colon"	"BTO_0000269"	""	""	""	""	"37"	"195799191"	"2372"	"7968090217"	"HiSeq X Ten"	"PAIRED"	"RANDOM"	"GENOMIC"	""	"ILLUMINA"	"SRP275606"	"2023-08-03T00:00:00"	"15978"	"300"	"38870"	""	""	"0"	""	""	""	""
"SRR4019609"	"0.95"	"PRJNA338650"	"SAMN05560338"	"Cell responses to dysregulated VZV-induced cell-cell fusion"	"The highly conserved herpesvirus glycoprotein complex, gB/gH-gL, mediates membrane fusion during virion entry and cell-cell fusion.  Varicella-zoster virus (VZV) characteristically forms multi-nucleated cells, or syncytia, during the infection of human tissues but little is known about this process.  The cytoplasmic domain of VZV gB (gBcyt) has been implicated in cell-cell fusion regulation because a gB[Y881F] substitution causes hyperfusion.  The gBcyt regulation is necessary for VZV pathogenesis as the hyperfusogenic mutant gB[Y881F] is severely attenuated in human skin xenografts.  In this study, gBcyt regulated fusion was investigated by comparing melanoma cells infected with wild type-like VZV or hyperfusogenic mutants.  The gB[Y881F] mutant exhibited dramatically accelerated syncytia formation in melanoma cells caused by fusion of infected cells with many uninfected cells, increased cytoskeleton reorganization and rapid displacement of nuclei to dense central structures when compared to pOka using live cell confocal microscopy.  VZV and human transcriptomes were concurrently investigated using RNA-seq to identify viral and cellular responses induced when the gBcyt regulation was disrupted by the gB[Y881F] substitution.  The expression of four vital VZV genes, ORF61 and glycoproteins, gC, gE and gI, was significantly reduced at 36 hours post infection for the hyperfusogenic mutants.  Importantly, hierarchical clustering demonstrated an association of differential gene expression with dysregulated gBcyt-mediated fusion.  A subset of Ras GTPase genes linked to membrane remodeling were upregulated in cells infected with the hyperfusogenic mutants.  These data implicate the gBcyt in the regulation gB fusion function that, if unmodulated, triggers cellular processes leading to hyperfusion that attenuates VZV infection.Overall design: Biological duplicates from 3 time points (12, 24 and 36 hours post infection) of uninfected MeWo cells or MeWo cells infected with varicella-zoster virus strain pOka or mutants gB[Y881F], gB[Y920F] or gB[Y881/920F]"	"PubMed:27795423"	"SRS1610255"	"RNA-Seq"	"GEO"	"SRX2013130"	"GSM2267743"	"Homo sapiens"	""	""	""	""	""	""	""	""	""	""	""	""	"593"	"32966"	"7961"	"11876095"	"56"	"864838"	"2278"	"51181299"	"Illumina HiSeq 2000"	"SINGLE"	"cDNA"	"TRANSCRIPTOMIC"	""	"ILLUMINA"	"SRP081284"	"2017-03-01T00:00:00"	"468"	"51"	"746"	""	""	"0"	""	""	""	""
"SRR23101273"	"0.946"	"PRJNA924035"	"SAMN32744113"	"Unmasking the Tissue-Resident Eukaryotic DNA virome in Humans"	"In this work, we revealed the composition of the eukaryotic human DNA virome in 9 organs (colon, liver, lung, heart, brain, kidney, skin, blood, hair) of several individuals. High-throughput sequencing from tissue samples was done after targeted-enrichment with in-solution RNA bait hybridization for 38 DNA viruses."	"PMC:10123123"	"SRS16469345"	"Targeted-Capture"	"UNIVERSITY OF HELSINKI"	"SRX19053209"	"I10-skin"	"skin metagenome"	"24.94583"	"60.19206"	"lat_lon"	"{""geo_loc_name"": [24.93265, 60.17116], ""geo_loc_name_sam"": [24.93265, 60.17116], ""geo_loc_name_country_calc"": [""24.93265"", ""60.17116""]}"	""	""	""	""	""	""	""	""	"43"	"361416"	"865"	"17323332"	"42"	"6305321"	"412"	"274108263"	"Illumina HiSeq 2500"	"PAIRED"	"Hybrid Selection"	"METAGENOMIC"	"I10-skin"	"ILLUMINA"	"SRP417930"	"2023-01-17T00:00:00"	"707"	"202"	"1327"	"MIMS.me, MIGS/MIMS/MIMARKS.human-associated"	""	"1"	"0.95"	"0.95"	"0.95"	"0.95"
"SRR17488656"	"0.943"	"PRJNA795496"	"SAMN24725937"	"Components of the autonomous flowering pathway form a complex that suppresses FLC transcription by regulating multiple histone modifications [ChIP-seq]"	"The autonomous flowering pathway promotes flowering in rapid-flowering accessions of Arabidopsis thaliana by reducing the expression of the key flowering repressor gene FLC. Although previous studies identified several autonomous pathway components, little is known about how these components cooperate in the regulation of flowering time. Here, we identified an autonomous pathway complex (APC) composed of three known autonomous pathway components (FLD, LD, and SDG26) and three previously uncharacterized components (EFL2, EFL4, and APRF1). Loss-of-function mutations of all of these components result in increased FLC expression and delayed flowering. The late-flowering phenotype is independent of photoperiod and can be overcome by vernalization, supporting the inference that the complex regulates flowering time specifically through the autonomous pathway. Our ChIP-seq analyses indicated that the APC components are required for the suppression of the histone modifications (H3Ac, H3K4me3, and H3K36me3) associated with the activation of gene expression and for the promotion of the histone modification (H3K27me3) associated with the repression of gene expression at FLC. We also found that the C-terminal coiled-coil domain of SDG26 binds to DNA in vitro and that the DNA-binding ability mediates the association of SDG26 with FLC chromatin in vivo. These results reveal the molecular basis of the autonomous pathway.Overall design: The enrichment of histone modifications, including H3Ac, H3K4me2, H3K4me3, H3K36me3, and H3K27me3, on chromatin was detected by ChIP-seq assays."	"PubMed:35766439"	"SRS11544712"	"ChIP-Seq"	"HEXINJIAN, NATIONAL INSTITUTE OF BIOLOGICAL SCIENCES"	"SRX13658878"	"GSM5777375"	"Arabidopsis thaliana"	""	""	""	""	""	""	""	""	"seedling"	"tissue"	"seedling"	"BTO_0001228"	"2109"	"356571"	"34355"	"148371243"	"146"	"3343138"	"6632"	"295544196"	"Illumina NovaSeq 6000"	"PAIRED"	"ChIP"	"GENOMIC"	"GSM5777375"	"ILLUMINA"	"SRP353999"	"2022-06-25T00:00:00"	"2444"	"300"	"7334"	""	""	"0"	""	""	""	""
"ERR2027297"	"0.932"	"PRJEB21685"	"SAMEA104153444"	"Whole genome sequencing of sputum to identify drug resistant Mycobacterium tuberculosis compared to MGIT sequencing."	"Whole genome sequencing (WGS) of Mycobacterium tuberculosis from culture is being adopted into routine diagnostic workflows. Previous attempts to sequence M. tuberculosis directly from sputa tended not provide sufficient genomic data. However, we have previously shown a successful method for capturing M. tuberculosis DNA directly from sputum samples and another recent study has shown adequate genome recovery after the removal of human DNA from the sample. Our study shows that WGS of Mycobacterium tuberculosis direct from diagnostic sputum samples using target enrichment can generate antimicrobial resistance profiles faster than MGIT culture WGS, and phenotypic testing. The success of sequencing can be predicted by semi-quantitative molecular and microscopy methods already widely used in TB laboratories. We have also shown that if only information on possible resistance mutations are required, an even faster, cheaper method can be employed to enrich only those regions of interest. As methods of sequencing M. tuberculosis directly from clinical samples are refined, it will provide a faster time to result than sequencing from culture. Direct sputum sequencing also has the potential to improve detection of minority resistance mutations and mixed infections."	"PMC:6062781,9241777"	"ERS1812462"	"WGS"	"UNIVERSITY COLLEGE LONDON"	"ERX2086449"	"SAMEA104153444"	"Mycobacterium tuberculosis"	"-0.12721"	"51.50643"	"geo_loc_name"	"{""INSDC center name"": [-0.13466, 51.52462], ""geo_loc_name_country_calc"": [""-0.12721"", ""51.50643""]}"	""	""	""	""	""	""	""	""	"5246"	"4754"	"28275"	"4607229"	"45"	"563283"	"768"	"25622714"	"NextSeq 550"	"PAIRED"	"RANDOM"	"GENOMIC"	"unspecified"	"ILLUMINA"	"ERP023961"	"2017-09-07T00:00:00"	"453"	"377"	"805"	""	""	"4"	"0.85"	"1"	"0.57"	"0.91"
"SRR23991555"	"0.918"	"PRJNA949617"	"SAMN33950809"	"Lack of strong innate immune reactivity renders macrophages alone unable to control productive Varicella-Zoster Virus infection in an isogenic human iPSC-derived neuronal co-culture model."	"With Varicella-Zoster Virus (VZV) being an exclusive human pathogen, human induced pluripotent stem cell (hiPSC)-derived neural cell culture models are an emerging tool to investigate VZV neuro-immune interactions. Using a compartmentalized hiPSC-derived neuronal model allowing axonal VZV infection, we previously demonstrated that paracrine interferon (IFN)-α2 signalling is required to activate a broad spectrum of interferon-stimulated genes able to counteract a productive VZV infection in hiPSC-neurons. In this new study, we now investigated whether innate immune signalling by VZV-challenged macrophages was able to orchestrate an antiviral immune response in VZV-infected hiPSC-neurons. In order to establish an isogenic hiPSC-neuron / hiPSC-macrophage co-culture model, hiPSC-macrophages were generated and characterised for phenotype, gene expression, cytokine production and phagocytic capacity. Even though immunological competence of hiPSC-macrophages was shown following stimulation with the VZV mimic poly(dA:dT) or treatment with IFN-α2, hiPSC-macrophages in co-culture with VZV-infected hiPSC-neurons were unable to mount an antiviral immune response capable of suppressing a productive neuronal VZV infection. Subsequently, a comprehensive RNA-Seq analysis confirmed the lack of strong immune responsiveness by hiPSC-neurons and hiPSC-macrophages upon, respectively, VZV infection or challenge. This may suggest the need of other cell types, like T-cells or other innate immune cells, to (co-)orchestrate an efficient antiviral immune response against VZV-infected neurons.Overall design: We generated bulk RNA-seq samples from both hiPSC-neurons and hiPSC-macrophages, stimulated with the pro-inflammatory pdAT or cell-free VZV-eGFP/ORF23."	"PubMed:37287975"	"SRS17157639"	"RNA-Seq"	"VACCINE AND INFECTIOUS DISEASE INSTITUTE (VAXINFECTIO), UNIVERSITY OF ANTWERP"	"SRX19795217"	"GSM7120142"	"Homo sapiens"	""	""	""	""	""	""	""	""	""	""	""	""	"32"	"822329"	"964"	"30491908"	"32"	"4462968"	"489"	"163598167"	"NextSeq 500"	"SINGLE"	"cDNA"	"TRANSCRIPTOMIC"	"GSM7120142"	"ILLUMINA"	"SRP429741"	"2023-04-19T00:00:00"	"247"	"148"	"562"	""	""	"0"	""	""	""	""
"SRR9118249"	"0.914"	"PRJNA543970"	"SAMN11793468"	"Mamestra brassicae Transcriptome or Gene expression"	"Transcriptional study of Mamestra brassicae during feeding on different host plants to study the differential gene expression while coping with a myriad of plant defences."	"PMC:9448971"	"SRS4813953"	"RNA-Seq"	"WAGENINGEN UNIVERSITY & RESEARCH"	"SRX5892268"	"Bra36-ZMA03"	"Mamestra brassicae"	"4.90787"	"52.36993"	"geo_loc_name"	"{""geo_loc_name_country_calc"": [4.90787, 52.36993], ""geo_loc_name_sam"": [""4.90787"", ""52.36993""]}"	""	""	""	""	""	""	""	""	"602"	"296584"	"16470"	"59896431"	"43"	"8760837"	"2799"	"394616299"	"Illumina HiSeq 4000"	"PAIRED"	"RANDOM PCR"	"TRANSCRIPTOMIC"	"Bra36"	"ILLUMINA"	"SRP199429"	"2022-09-13T00:00:00"	"4818"	"300"	"12730"	"Invertebrate"	"2019-03-24"	"3"	"0.87"	"1"	"0.7"	"0.91"
"SRR18214150"	"0.91"	"PRJNA812578"	"SAMN26419754"	"SCORPIO"	"Deep sequencing of conjunctival swabs from patients with presumed acute infectious conjunctivitis in Burkina Faso"	""	"SRS12174177"	"RNA-Seq"	"UCSF"	"SRX14360657"	"sample_8055_OS"	"metagenome"	"1.55841"	"12.2395"	"lat_lon"	"{""geo_loc_name_country_calc"": [-1.52711, 12.36857], ""geo_loc_name"": [-1.52711, 12.36857], ""geo_loc_name_sam"": [""-1.52711"", ""12.36857""]}"	""	""	""	""	""	""	""	""	"58"	"27785"	"1254"	"1592227"	"56"	"329993"	"1134"	"16991932"	"Illumina NovaSeq 6000"	"PAIRED"	"RANDOM"	"METAGENOMIC"	"sample_8055_OS"	"ILLUMINA"	"SRP362341"	"2022-03-04T00:00:00"	"16"	"301"	"66"	"Metagenome or environmental"	""	"1"	"0.91"	"0.91"	"0.91"	"0.91"
"ERR244056"	"0.907"	"PRJEB2768"	"SAMEA1709522"	"Herpesvirus_whole_genome_sequencing"	"Very little is known about genome diversity of herpesviruses and there are currently very few genome sequences in Genbank. Whole genome sequencing of large DNA viruses is complicated by the difficulty in separating virus DNA from human DNA. In this project we will address this issue by using Agilent SureSelect technology and Illumina deep sequencing to sequence several members of the herpesvirus family, including Epstein Barr virus (EBV, HHV4), Kaposi’s sarcoma associated herpesvirus (KSHV, HHV8) and varicella zoster virus (VZV, HHV3). We have designed custom baits to the available reference sequences and will use these to pull out virus sequence from host DNA and then Illumina sequence the captured virus DNA. The short read data will be assembled into a genome consensus sequence for each virus and importantly, allow analysis of virus minority species, which may be important for pathogenesis.  We will use a range of samples including DNA from cell lines latently infected with either EBV or KSHV or both viruses. These data will enable an initial estimation of genome diversity and highlight differences at the genetic level between EBV and KSHV from different cell lines. Further studies will generate herpesvirus genome sequences from clinical samples, including varicella, Kaposi’s sarcoma and nasopharyngeal carcinoma to investigate virus genetic diversity and pathogenic determinants.  http://www.sanger.ac.uk/resources/downloads/viruses/herpesviridae-lymphocryptovirus  http://www.sanger.ac.uk/resources/downloads/viruses/herpesviridae-rhadinovirus  http://www.sanger.ac.uk/resources/downloads/viruses/herpesviridae-simplexvirus"	"PMC:11943181,8235469"	"ERS074885"	"WGS"	"SC"	"ERX218590"	"SAMEA1709522"	"Human alphaherpesvirus 3"	"-81.04537"	"33.99882"	"INSDC center name"	""	""	""	""	""	""	""	""	""	"34"	"42295"	"3602"	"1801098"	"33"	"783014"	"1570"	"28972268"	"Illumina HiSeq 2000"	"PAIRED"	"RANDOM"	"GENOMIC"	"2674285"	"ILLUMINA"	"ERP001026"	"2013-06-13T00:00:00"	"1265"	"200"	"2033"	""	""	"37"	"0.98"	"1"	"0.6"	"1"
"SRR11053595"	"0.907"	"PRJNA605798"	"SAMN14079309"	"Cytomegalovirus whole genome sequencing"	"Studying congenital transmission of CMV"	"PMC:7806273"	"SRS6127561"	"WGS"	"UNIVERSITY COLLEGE LONDON"	"SRX7703485"	"CMV-14_3"	"Cytomegalovirus"	""	""	""	""	""	""	""	""	""	""	""	""	"213"	"330940"	"6042"	"49937286"	"126"	"1439188"	"939"	"107783436"	"Illumina MiSeq"	"PAIRED"	"Hybrid Selection"	"GENOMIC"	"14-2W-BM"	"ILLUMINA"	"SRP247983"	"2020-12-31T00:00:00"	"259"	"400"	"487"	"MIGS.vi, MIGS/MIMS/MIMARKS.human-associated"	""	"0"	""	""	""	""
"SRR23991648"	"0.903"	"PRJNA949617"	"SAMN33950832"	"Lack of strong innate immune reactivity renders macrophages alone unable to control productive Varicella-Zoster Virus infection in an isogenic human iPSC-derived neuronal co-culture model."	"With Varicella-Zoster Virus (VZV) being an exclusive human pathogen, human induced pluripotent stem cell (hiPSC)-derived neural cell culture models are an emerging tool to investigate VZV neuro-immune interactions. Using a compartmentalized hiPSC-derived neuronal model allowing axonal VZV infection, we previously demonstrated that paracrine interferon (IFN)-α2 signalling is required to activate a broad spectrum of interferon-stimulated genes able to counteract a productive VZV infection in hiPSC-neurons. In this new study, we now investigated whether innate immune signalling by VZV-challenged macrophages was able to orchestrate an antiviral immune response in VZV-infected hiPSC-neurons. In order to establish an isogenic hiPSC-neuron / hiPSC-macrophage co-culture model, hiPSC-macrophages were generated and characterised for phenotype, gene expression, cytokine production and phagocytic capacity. Even though immunological competence of hiPSC-macrophages was shown following stimulation with the VZV mimic poly(dA:dT) or treatment with IFN-α2, hiPSC-macrophages in co-culture with VZV-infected hiPSC-neurons were unable to mount an antiviral immune response capable of suppressing a productive neuronal VZV infection. Subsequently, a comprehensive RNA-Seq analysis confirmed the lack of strong immune responsiveness by hiPSC-neurons and hiPSC-macrophages upon, respectively, VZV infection or challenge. This may suggest the need of other cell types, like T-cells or other innate immune cells, to (co-)orchestrate an efficient antiviral immune response against VZV-infected neurons.Overall design: We generated bulk RNA-seq samples from both hiPSC-neurons and hiPSC-macrophages, stimulated with the pro-inflammatory pdAT or cell-free VZV-eGFP/ORF23."	"PubMed:37287975"	"SRS17157615"	"RNA-Seq"	"VACCINE AND INFECTIOUS DISEASE INSTITUTE (VAXINFECTIO), UNIVERSITY OF ANTWERP"	"SRX19795193"	"GSM7120119"	"Homo sapiens"	""	""	""	""	""	""	""	""	""	""	""	""	"31"	"677098"	"907"	"23809151"	"32"	"3344370"	"402"	"119178094"	"NextSeq 500"	"SINGLE"	"cDNA"	"TRANSCRIPTOMIC"	"GSM7120119"	"ILLUMINA"	"SRP429741"	"2023-04-19T00:00:00"	"178"	"148"	"418"	""	""	"0"	""	""	""	""
"SRR11354609"	"0.9"	"PRJNA613174"	"SAMN14395493"	"Raw genome data of extraintestinal Escherichia coli clinical isolates in Tianjin"	"The study investigated molecular typing, acquired antibiotic resistance and virulence of clinical extraintestinal Escherichia coli strains"	""	"SRS6342685"	"WGS"	"NANKAI UNIVERSITY"	"SRX7956510"	"LSQ62"	"Escherichia coli"	"117.19935"	"39.14218"	"geo_loc_name"	"{""geo_loc_name_sam"": [117.19935, 39.14218], ""geo_loc_name_country_calc"": [""116.38765"", ""39.90657""]}"	""	""	""	""	""	""	""	""	"748"	"24614"	"5743"	"5962709"	"38"	"1822595"	"1120"	"72893020"	"HiSeq X Ten"	"PAIRED"	"RANDOM"	"GENOMIC"	"E_62"	"ILLUMINA"	"SRP253390"	"2020-03-20T00:00:00"	"805"	"300"	"1805"	"Pathogen.cl"	""	"2"	"0.72"	"0.9"	"0.53"	"0.72"
"ERR2282604"	"0.892"	"PRJEB12889"	"SAMEA104554530"	"Sequencing_extracted_nucleic_acid_from_the_National_Collection_of_Pathogenic_Viruses"	"This project aims to sequence the genomes of DNA viruses in the National Collection of Pathogenic Viruses (NCPV) run by Public Health England.  The NCPV preserves well-characterised, authenticated human pathogenic viruses in a secure facility, and supplies the agents or nucleic acids derived from them to the scientific community. The genomes sequenced within this project will be a valuable additional resource that will also be made available to the scientific community."	""	"ERS2165814"	"WGS"	"THE WELLCOME TRUST SANGER INSTITUTE"	"ERX2333930"	"SAMEA104554530"	"Human alphaherpesvirus 3"	"-0.13553"	"51.52546"	"INSDC center name"	""	"ArrayExpress-SPECIES"	"varicella"	"chickenpox"	"DOID_8659"	""	""	""	""	"231"	"1470127"	"8274"	"196126962"	"93"	"7179385"	"1378"	"470302824"	"Illumina HiSeq 2500"	"PAIRED"	"RANDOM"	"GENOMIC"	"DN457955J:F3"	"ILLUMINA"	"ERP014414"	"2018-02-08T00:00:00"	"1022"	"500"	"1748"	""	""	"1"	"0.89"	"0.89"	"0.89"	"0.89"
"SRR4019625"	"0.892"	"PRJNA338650"	"SAMN05560325"	"Cell responses to dysregulated VZV-induced cell-cell fusion"	"The highly conserved herpesvirus glycoprotein complex, gB/gH-gL, mediates membrane fusion during virion entry and cell-cell fusion.  Varicella-zoster virus (VZV) characteristically forms multi-nucleated cells, or syncytia, during the infection of human tissues but little is known about this process.  The cytoplasmic domain of VZV gB (gBcyt) has been implicated in cell-cell fusion regulation because a gB[Y881F] substitution causes hyperfusion.  The gBcyt regulation is necessary for VZV pathogenesis as the hyperfusogenic mutant gB[Y881F] is severely attenuated in human skin xenografts.  In this study, gBcyt regulated fusion was investigated by comparing melanoma cells infected with wild type-like VZV or hyperfusogenic mutants.  The gB[Y881F] mutant exhibited dramatically accelerated syncytia formation in melanoma cells caused by fusion of infected cells with many uninfected cells, increased cytoskeleton reorganization and rapid displacement of nuclei to dense central structures when compared to pOka using live cell confocal microscopy.  VZV and human transcriptomes were concurrently investigated using RNA-seq to identify viral and cellular responses induced when the gBcyt regulation was disrupted by the gB[Y881F] substitution.  The expression of four vital VZV genes, ORF61 and glycoproteins, gC, gE and gI, was significantly reduced at 36 hours post infection for the hyperfusogenic mutants.  Importantly, hierarchical clustering demonstrated an association of differential gene expression with dysregulated gBcyt-mediated fusion.  A subset of Ras GTPase genes linked to membrane remodeling were upregulated in cells infected with the hyperfusogenic mutants.  These data implicate the gBcyt in the regulation gB fusion function that, if unmodulated, triggers cellular processes leading to hyperfusion that attenuates VZV infection.Overall design: Biological duplicates from 3 time points (12, 24 and 36 hours post infection) of uninfected MeWo cells or MeWo cells infected with varicella-zoster virus strain pOka or mutants gB[Y881F], gB[Y920F] or gB[Y881/920F]"	"PubMed:27795423"	"SRS1610269"	"RNA-Seq"	"GEO"	"SRX2013146"	"GSM2267759"	"Homo sapiens"	""	""	""	""	""	""	""	""	""	""	""	""	"615"	"39392"	"8231"	"13620172"	"55"	"932546"	"3455"	"55043942"	"Illumina HiSeq 2000"	"SINGLE"	"cDNA"	"TRANSCRIPTOMIC"	""	"ILLUMINA"	"SRP081284"	"2017-03-01T00:00:00"	"575"	"51"	"916"	""	""	"0"	""	""	""	""
"SRR13789480"	"0.892"	"PRJNA699281"	"SAMN17617084"	"The microbiome of aging: instability, heterogeneity, and pathogenicity reservoirs in the skin, oral, and gut microbiome of older adults"	"While older adults represent a vulnerable population with elevated risk for numerous chronic illnesses, the role played by the microbiome in such age-related susceptibilities remains largely unexplored. Stereotypical changes in physiological and immune responses with aging likely contribute to microbiome-related increases in predisposition to common late life diseases. To understand associations of the microbiome with age, frailty, and infectious disease risk factors, we conducted a longitudinal, whole genome shotgun study of the skin, oral, and gut microbiota in 47 older adults residing in community or skilled nursing facility (SNF) settings. We found prominent differences in microbiomes from all body sites between younger adults, older adults living in the community, and SNF residents. In addition, frailty correlated negatively with relative abundance of Cutibacterium (C.) acnes in the skin microbiome, which itself strongly correlated with decreased microbial community stability and increased diversity, heterogeneity, and biogeographic determinism, factors that have been associated with susceptibility to pathogen colonization and disease risk. Strikingly, the skin microbiota, rather than gut or oral communities, was the primary reservoir for plasmid-borne antimicrobial resistance and clinically important pathobionts. Strain composition of important commensal species such as C. acnes and Staphylococcus epidermidis in SNF residents further suggested a shift from healthy to pro-inflammatory and nosocomial strains. Our findings set the foundation for understanding relative risk of microbiome-mediated frailty and disease processes in older adults in different residential settings, and for the development of strategies to leverage the microbiota as tools to promote healthy aging, disease prevention, and to limit the dissemination of multidrug resistant pathogens."	"PMC:9667708"	"SRS8323443"	"WGS"	"JACKSON LABORATORY FOR GENOMIC MEDICINE"	"SRX10174400"	"GER_CD_S73_V2_Pf"	"metagenome"	"-72.79"	"41.73"	"lat_lon"	"{""geo_loc_name_country_calc"": [-77.03196, 38.89036], ""geo_loc_name"": [-77.03196, 38.89036], ""geo_loc_name_sam"": [""-77.03196"", ""38.89036""]}"	""	""	""	""	""	""	""	""	"168"	"2617181"	"47188"	"434572781"	"146"	"11242601"	"6633"	"1013292587"	"Illumina NovaSeq 6000"	"PAIRED"	"RANDOM"	"METAGENOMIC"	"GER_CD_S73_V2_Pf"	"ILLUMINA"	"SRP306763"	"2022-01-26T00:00:00"	"1542"	"296"	"4995"	"Metagenome or environmental"	""	"1"	"0.89"	"0.89"	"0.89"	"0.89"
"SRR15524189"	"0.889"	"PRJNA734644"	"SAMN20822610"	"Raw sequence reads for human plasma cfDNA samples positive with multiple DNA viruses"	"Fragment size-based enrichment of viral sequences in plasma cell-free DNA"	"PMC:9127460"	"SRS9837248"	"WGS"	"UNIVERSITY OF WASHINGTON"	"SRX11822970"	"VZV079"	"Human alphaherpesvirus 3"	"-122.32945"	"47.60357"	"geo_loc_name"	"{""geo_loc_name_country_calc"": [-77.03196, 38.89036], ""geo_loc_name_sam"": [""-122.32945"", ""47.60357""]}"	""	""	""	""	""	""	""	""	"32"	"251976"	"3444"	"9240771"	"51"	"15400977"	"636"	"706421353"	"NextSeq 550"	"PAIRED"	"RANDOM"	"GENOMIC"	"=LEFT(L34,FIND(""_"",L34)-1)"	"ILLUMINA"	"SRP333243"	"2021-08-19T00:00:00"	"843"	"102"	"2723"	"Pathogen.cl"	""	"7"	"0.92"	"1"	"0.53"	"1"
"SRR16554192"	"0.889"	"PRJNA773920"	"SAMN22544388"	"mNGS of subacute meningitis"	"HIV positive patients presenting with subacute meningitis in Uganda"	"PMC:8967864"	"SRS10703931"	"WGS"	"UNIVERSITY OF CALIFORNIA SAN FRANCISCO"	"SRX12756298"	"UG_SM_3_DNA_1470956-H"	"metagenome"	"32.58252"	"0.3476"	"lat_lon"	"{""geo_loc_name_country_calc"": [32.57501, 0.31589], ""geo_loc_name_sam"": [32.57501, 0.31589], ""geo_loc_name"": [""32.57501"", ""0.31589""]}"	""	""	""	""	""	""	""	""	"371"	"1894"	"2052"	"179590"	"38"	"54310"	"195"	"2115908"	"Illumina NovaSeq 6000"	"PAIRED"	"RANDOM"	"METAGENOMIC"	"Patient_6_DNA"	"ILLUMINA"	"SRP342912"	"2021-10-24T00:00:00"	"3"	"302"	"12"	"Metagenome or environmental"	"2018-03-01"	"3"	"0.96"	"1"	"0.89"	"1"
"SRR4019626"	"0.889"	"PRJNA338650"	"SAMN05560324"	"Cell responses to dysregulated VZV-induced cell-cell fusion"	"The highly conserved herpesvirus glycoprotein complex, gB/gH-gL, mediates membrane fusion during virion entry and cell-cell fusion.  Varicella-zoster virus (VZV) characteristically forms multi-nucleated cells, or syncytia, during the infection of human tissues but little is known about this process.  The cytoplasmic domain of VZV gB (gBcyt) has been implicated in cell-cell fusion regulation because a gB[Y881F] substitution causes hyperfusion.  The gBcyt regulation is necessary for VZV pathogenesis as the hyperfusogenic mutant gB[Y881F] is severely attenuated in human skin xenografts.  In this study, gBcyt regulated fusion was investigated by comparing melanoma cells infected with wild type-like VZV or hyperfusogenic mutants.  The gB[Y881F] mutant exhibited dramatically accelerated syncytia formation in melanoma cells caused by fusion of infected cells with many uninfected cells, increased cytoskeleton reorganization and rapid displacement of nuclei to dense central structures when compared to pOka using live cell confocal microscopy.  VZV and human transcriptomes were concurrently investigated using RNA-seq to identify viral and cellular responses induced when the gBcyt regulation was disrupted by the gB[Y881F] substitution.  The expression of four vital VZV genes, ORF61 and glycoproteins, gC, gE and gI, was significantly reduced at 36 hours post infection for the hyperfusogenic mutants.  Importantly, hierarchical clustering demonstrated an association of differential gene expression with dysregulated gBcyt-mediated fusion.  A subset of Ras GTPase genes linked to membrane remodeling were upregulated in cells infected with the hyperfusogenic mutants.  These data implicate the gBcyt in the regulation gB fusion function that, if unmodulated, triggers cellular processes leading to hyperfusion that attenuates VZV infection.Overall design: Biological duplicates from 3 time points (12, 24 and 36 hours post infection) of uninfected MeWo cells or MeWo cells infected with varicella-zoster virus strain pOka or mutants gB[Y881F], gB[Y920F] or gB[Y881/920F]"	"PubMed:27795423"	"SRS1610271"	"RNA-Seq"	"GEO"	"SRX2013147"	"GSM2267760"	"Homo sapiens"	""	""	""	""	""	""	""	""	""	""	""	""	"554"	"33464"	"7775"	"10893269"	"56"	"801173"	"3066"	"47937274"	"Illumina HiSeq 2000"	"SINGLE"	"cDNA"	"TRANSCRIPTOMIC"	""	"ILLUMINA"	"SRP081284"	"2017-03-01T00:00:00"	"440"	"51"	"701"	""	""	"0"	""	""	""	""
"ERR1279048"	"0.882"	"PRJEB12814"	"SAMEA3878782"	"Longitudinal whole genome sequencing of cytomegalovirus from children"	"Cytomegalovirus can cause fatal pneumonitis and colitis in the immunocompromised, as well as increasing the risk of organ rejection in transplant patients. With the advent of new anti-CMV drugs there is considerable interest in using virus sequence data to monitor emerging resistance and identify new mutations.   We used the Sure Select capture method and deep sequencing of CMV DNA  from 11 immunosuppressed paediatric patients receiving single or combination anti-CMV treatment who were serially sampled over periods of 1-27 weeks."	"PMC:6667795,6431178,11326829,5016526"	"ERS1065916"	"WGS"	"UCL"	"ERX1350654"	"SAMEA3878782"	"Human betaherpesvirus 5"	"-0.12721"	"51.50643"	"geo_loc_name"	"{""INSDC center name"": [-0.13563, 51.52149], ""geo_loc_name_country_calc"": [""-0.12721"", ""51.50643""]}"	""	""	""	""	""	""	""	""	"189"	"139788"	"6765"	"12950317"	"43"	"1183082"	"822"	"56773078"	"Illumina MiSeq"	"PAIRED"	"Hybrid Selection"	"GENOMIC"	"unspecified"	"ILLUMINA"	"ERP014331"	"2016-02-27T00:00:00"	"180"	"502"	"309"	""	"2015-01-01"	"4"	"0.85"	"1"	"0.57"	"0.91"
"SRR19738249"	"0.864"	"PRJNA850448"	"SAMN29182097"	"Transcriptional response to VZV infection is modulated by RNA Polymerase III in lung epithelial cell lines"	"Short interspersed nuclear elements (SINEs) are retrotransposons that generate exclusively double-stranded noncoding RNAs transcribed by the ancestral RNA polymerase III (Pol III), a multi-subunit polymerase. Although SINE ncRNAs are generally transcriptionally repressed, they can be induced in response to viral infections and can stimulate immune signaling pathways. Indeed, mutations in Pol III have been associated with poor antiviral interferon response following infection with varicella zoster virus (VZV). In this study, we probed the role of Pol III transcripts in the detection and initial immune response to VZV by characterizing the transcriptional response following VZV infection of wild type A549 lung epithelial cells as well as A549 cells lacking specific RNA sensor MAVS, or interferon-stimulated genes RNase L and PKR in presence or absence of functional RNA Pol III. Multiple components of the antiviral sensing and interferon signaling pathways were involved in restricting VZV replication in lung epithelial cells thus suggesting an innate defense system with built-in redundancy. In addition, RNase L deficiency led to a unique transcription profile indicating that RNA Pol III transcriptcs can act as immune sensors of VZV infection. Collectively, these findings suggest an essential role for RNA Pol III in the antiviral response to VZV infection."	"PMC:9359802"	"SRS13477242"	"RNA-Seq"	"UNIVERSITY OF KENTUCKY"	"SRX15784131"	"A549_TLR3KO"	"Homo sapiens"	""	""	""	""	""	""	""	""	"lung"	"tissue"	"lung"	"BTO_0000763"	"295"	"3343949"	"10067"	"433593264"	"60"	"20395474"	"2694"	"1156141083"	"Illumina HiSeq 4000"	"PAIRED"	"cDNA"	"GENOMIC"	"TLR3_siCtrl_Infected_-44-R"	"ILLUMINA"	"SRP382324"	"2022-07-12T00:00:00"	"7447"	"282"	"24635"	"Human"	""	"0"	""	""	""	""
"SRR4019611"	"0.857"	"PRJNA338650"	"SAMN05560336"	"Cell responses to dysregulated VZV-induced cell-cell fusion"	"The highly conserved herpesvirus glycoprotein complex, gB/gH-gL, mediates membrane fusion during virion entry and cell-cell fusion.  Varicella-zoster virus (VZV) characteristically forms multi-nucleated cells, or syncytia, during the infection of human tissues but little is known about this process.  The cytoplasmic domain of VZV gB (gBcyt) has been implicated in cell-cell fusion regulation because a gB[Y881F] substitution causes hyperfusion.  The gBcyt regulation is necessary for VZV pathogenesis as the hyperfusogenic mutant gB[Y881F] is severely attenuated in human skin xenografts.  In this study, gBcyt regulated fusion was investigated by comparing melanoma cells infected with wild type-like VZV or hyperfusogenic mutants.  The gB[Y881F] mutant exhibited dramatically accelerated syncytia formation in melanoma cells caused by fusion of infected cells with many uninfected cells, increased cytoskeleton reorganization and rapid displacement of nuclei to dense central structures when compared to pOka using live cell confocal microscopy.  VZV and human transcriptomes were concurrently investigated using RNA-seq to identify viral and cellular responses induced when the gBcyt regulation was disrupted by the gB[Y881F] substitution.  The expression of four vital VZV genes, ORF61 and glycoproteins, gC, gE and gI, was significantly reduced at 36 hours post infection for the hyperfusogenic mutants.  Importantly, hierarchical clustering demonstrated an association of differential gene expression with dysregulated gBcyt-mediated fusion.  A subset of Ras GTPase genes linked to membrane remodeling were upregulated in cells infected with the hyperfusogenic mutants.  These data implicate the gBcyt in the regulation gB fusion function that, if unmodulated, triggers cellular processes leading to hyperfusion that attenuates VZV infection.Overall design: Biological duplicates from 3 time points (12, 24 and 36 hours post infection) of uninfected MeWo cells or MeWo cells infected with varicella-zoster virus strain pOka or mutants gB[Y881F], gB[Y920F] or gB[Y881/920F]"	"PubMed:27795423"	"SRS1610256"	"RNA-Seq"	"GEO"	"SRX2013132"	"GSM2267745"	"Homo sapiens"	""	""	""	""	""	""	""	""	""	""	""	""	"576"	"39966"	"7016"	"13370197"	"55"	"947791"	"2559"	"55426160"	"Illumina HiSeq 2000"	"SINGLE"	"cDNA"	"TRANSCRIPTOMIC"	""	"ILLUMINA"	"SRP081284"	"2017-03-01T00:00:00"	"542"	"51"	"862"	""	""	"0"	""	""	""	""
"SRR23991658"	"0.832"	"PRJNA949617"	"SAMN33950834"	"Lack of strong innate immune reactivity renders macrophages alone unable to control productive Varicella-Zoster Virus infection in an isogenic human iPSC-derived neuronal co-culture model."	"With Varicella-Zoster Virus (VZV) being an exclusive human pathogen, human induced pluripotent stem cell (hiPSC)-derived neural cell culture models are an emerging tool to investigate VZV neuro-immune interactions. Using a compartmentalized hiPSC-derived neuronal model allowing axonal VZV infection, we previously demonstrated that paracrine interferon (IFN)-α2 signalling is required to activate a broad spectrum of interferon-stimulated genes able to counteract a productive VZV infection in hiPSC-neurons. In this new study, we now investigated whether innate immune signalling by VZV-challenged macrophages was able to orchestrate an antiviral immune response in VZV-infected hiPSC-neurons. In order to establish an isogenic hiPSC-neuron / hiPSC-macrophage co-culture model, hiPSC-macrophages were generated and characterised for phenotype, gene expression, cytokine production and phagocytic capacity. Even though immunological competence of hiPSC-macrophages was shown following stimulation with the VZV mimic poly(dA:dT) or treatment with IFN-α2, hiPSC-macrophages in co-culture with VZV-infected hiPSC-neurons were unable to mount an antiviral immune response capable of suppressing a productive neuronal VZV infection. Subsequently, a comprehensive RNA-Seq analysis confirmed the lack of strong immune responsiveness by hiPSC-neurons and hiPSC-macrophages upon, respectively, VZV infection or challenge. This may suggest the need of other cell types, like T-cells or other innate immune cells, to (co-)orchestrate an efficient antiviral immune response against VZV-infected neurons.Overall design: We generated bulk RNA-seq samples from both hiPSC-neurons and hiPSC-macrophages, stimulated with the pro-inflammatory pdAT or cell-free VZV-eGFP/ORF23."	"PubMed:37287975"	"SRS17157613"	"RNA-Seq"	"VACCINE AND INFECTIOUS DISEASE INSTITUTE (VAXINFECTIO), UNIVERSITY OF ANTWERP"	"SRX19795191"	"GSM7120117"	"Homo sapiens"	""	""	""	""	""	""	""	""	""	""	""	""	"32"	"447162"	"593"	"15808795"	"32"	"1922603"	"429"	"68721531"	"NextSeq 500"	"SINGLE"	"cDNA"	"TRANSCRIPTOMIC"	"GSM7120117"	"ILLUMINA"	"SRP429741"	"2023-04-19T00:00:00"	"109"	"148"	"255"	""	""	"0"	""	""	""	""
"SRR12373918"	"0.824"	"PRJNA650393"	"SAMN15704868"	"MethylC-capture sequencing of control, osteoporotic, and Astragalus polysaccharides (APS)-treated osteoporotic SD rats"	"SD rats were intramuscular injected with dexamethasone to induce osteoporosis, and treated with APS. Then, colonic epithelia of control, osteoporotic and APS-treated osteoporotic rats were collected for MethylC-capture sequencing .Overall design: examination of DNA methylation in colonic epithelia of  three groups of rats"	""	"SRS7133848"	"Bisulfite-Seq"	"GEO"	"SRX8872893"	"GSM4708363"	"Rattus norvegicus"	""	""	""	""	""	""	""	""	"colon"	"tissue"	"colon"	"BTO_0000269"	""	""	""	""	"37"	"202354910"	"1509"	"8218922382"	"HiSeq X Ten"	"PAIRED"	"RANDOM"	"GENOMIC"	""	"ILLUMINA"	"SRP275606"	"2023-08-03T00:00:00"	"17066"	"300"	"41893"	""	""	"0"	""	""	""	""
"SRR19738257"	"0.81"	"PRJNA850448"	"SAMN29182096"	"Transcriptional response to VZV infection is modulated by RNA Polymerase III in lung epithelial cell lines"	"Short interspersed nuclear elements (SINEs) are retrotransposons that generate exclusively double-stranded noncoding RNAs transcribed by the ancestral RNA polymerase III (Pol III), a multi-subunit polymerase. Although SINE ncRNAs are generally transcriptionally repressed, they can be induced in response to viral infections and can stimulate immune signaling pathways. Indeed, mutations in Pol III have been associated with poor antiviral interferon response following infection with varicella zoster virus (VZV). In this study, we probed the role of Pol III transcripts in the detection and initial immune response to VZV by characterizing the transcriptional response following VZV infection of wild type A549 lung epithelial cells as well as A549 cells lacking specific RNA sensor MAVS, or interferon-stimulated genes RNase L and PKR in presence or absence of functional RNA Pol III. Multiple components of the antiviral sensing and interferon signaling pathways were involved in restricting VZV replication in lung epithelial cells thus suggesting an innate defense system with built-in redundancy. In addition, RNase L deficiency led to a unique transcription profile indicating that RNA Pol III transcriptcs can act as immune sensors of VZV infection. Collectively, these findings suggest an essential role for RNA Pol III in the antiviral response to VZV infection."	"PMC:9359802"	"SRS13477241"	"RNA-Seq"	"UNIVERSITY OF KENTUCKY"	"SRX15784123"	"A549_RL6KO"	"Homo sapiens"	""	""	""	""	""	""	""	""	"lung"	"tissue"	"lung"	"BTO_0000763"	"237"	"3033467"	"5745"	"343250934"	"61"	"14121077"	"2123"	"838641465"	"Illumina HiSeq 4000"	"PAIRED"	"cDNA"	"GENOMIC"	"RL_Untransfected_Infected_-49R"	"ILLUMINA"	"SRP382324"	"2022-07-12T00:00:00"	"4847"	"283"	"16115"	"Human"	""	"0"	""	""	""	""
"SRR23991650"	"0.799"	"PRJNA949617"	"SAMN33950832"	"Lack of strong innate immune reactivity renders macrophages alone unable to control productive Varicella-Zoster Virus infection in an isogenic human iPSC-derived neuronal co-culture model."	"With Varicella-Zoster Virus (VZV) being an exclusive human pathogen, human induced pluripotent stem cell (hiPSC)-derived neural cell culture models are an emerging tool to investigate VZV neuro-immune interactions. Using a compartmentalized hiPSC-derived neuronal model allowing axonal VZV infection, we previously demonstrated that paracrine interferon (IFN)-α2 signalling is required to activate a broad spectrum of interferon-stimulated genes able to counteract a productive VZV infection in hiPSC-neurons. In this new study, we now investigated whether innate immune signalling by VZV-challenged macrophages was able to orchestrate an antiviral immune response in VZV-infected hiPSC-neurons. In order to establish an isogenic hiPSC-neuron / hiPSC-macrophage co-culture model, hiPSC-macrophages were generated and characterised for phenotype, gene expression, cytokine production and phagocytic capacity. Even though immunological competence of hiPSC-macrophages was shown following stimulation with the VZV mimic poly(dA:dT) or treatment with IFN-α2, hiPSC-macrophages in co-culture with VZV-infected hiPSC-neurons were unable to mount an antiviral immune response capable of suppressing a productive neuronal VZV infection. Subsequently, a comprehensive RNA-Seq analysis confirmed the lack of strong immune responsiveness by hiPSC-neurons and hiPSC-macrophages upon, respectively, VZV infection or challenge. This may suggest the need of other cell types, like T-cells or other innate immune cells, to (co-)orchestrate an efficient antiviral immune response against VZV-infected neurons.Overall design: We generated bulk RNA-seq samples from both hiPSC-neurons and hiPSC-macrophages, stimulated with the pro-inflammatory pdAT or cell-free VZV-eGFP/ORF23."	"PubMed:37287975"	"SRS17157615"	"RNA-Seq"	"VACCINE AND INFECTIOUS DISEASE INSTITUTE (VAXINFECTIO), UNIVERSITY OF ANTWERP"	"SRX19795193"	"GSM7120119"	"Homo sapiens"	""	""	""	""	""	""	""	""	""	""	""	""	"32"	"735448"	"728"	"25859431"	"32"	"3440147"	"396"	"122395950"	"NextSeq 500"	"SINGLE"	"cDNA"	"TRANSCRIPTOMIC"	"GSM7120119"	"ILLUMINA"	"SRP429741"	"2023-04-19T00:00:00"	"181"	"149"	"425"	""	""	"0"	""	""	""	""
"SRR26215632"	"0.789"	"PRJNA1021820"	"SAMN37573121"	"Comparitive mRNA transcriptome analysis of silkworm Bombyx mori during BmDV, BmIFV and BmNPV infection"	"For the development of multiviral disease tolerance in silkworm, Bombyx mori, several breeds were screened through oral inoculation of viruses. At present, a viral disease tolerant silkworm breed was identified based on the survival and marker assisted selection. SSR marker profiling was carried out for the selection of disease tolerant silkworm. Further, a total mRNA (only coding mRNA sequencing excluding rRNA and tRNA) profiling of this breed was screened to clearly understand the role of differential expression of genes leading to disease tolerance. In view of this, mRNA transcriptome analysis of silkworm larval midgut of inoculated and uninoculated samples was carried out."	""	"SRS19010407"	"RNA-Seq"	"CENTRAL SERICULTURAL RESEARCH AND TRAINING INSTITUTE"	"SRX21926060"	"IFV1"	"Bombyx mori"	"77.2172"	"28.63097"	"geo_loc_name"	"{""geo_loc_name_sam"": [77.2172, 28.63097], ""geo_loc_name_country_calc"": [""77.2172"", ""28.63097""]}"	""	""	""	""	"midgut"	"tissue"	"midgut"	"BTO_0000863"	"226"	"619350"	"8123"	"61684118"	"44"	"7022398"	"3020"	"328406123"	"Illumina NovaSeq 6000"	"PAIRED"	"RANDOM PCR"	"TRANSCRIPTOMIC"	"IFV1"	"ILLUMINA"	"SRP463819"	"2023-09-29T00:00:00"	"2902"	"300"	"9520"	"Invertebrate"	"2020-12-01"	"2"	"0.72"	"0.79"	"0.66"	"0.72"
"SRR23991657"	"0.789"	"PRJNA949617"	"SAMN33950834"	"Lack of strong innate immune reactivity renders macrophages alone unable to control productive Varicella-Zoster Virus infection in an isogenic human iPSC-derived neuronal co-culture model."	"With Varicella-Zoster Virus (VZV) being an exclusive human pathogen, human induced pluripotent stem cell (hiPSC)-derived neural cell culture models are an emerging tool to investigate VZV neuro-immune interactions. Using a compartmentalized hiPSC-derived neuronal model allowing axonal VZV infection, we previously demonstrated that paracrine interferon (IFN)-α2 signalling is required to activate a broad spectrum of interferon-stimulated genes able to counteract a productive VZV infection in hiPSC-neurons. In this new study, we now investigated whether innate immune signalling by VZV-challenged macrophages was able to orchestrate an antiviral immune response in VZV-infected hiPSC-neurons. In order to establish an isogenic hiPSC-neuron / hiPSC-macrophage co-culture model, hiPSC-macrophages were generated and characterised for phenotype, gene expression, cytokine production and phagocytic capacity. Even though immunological competence of hiPSC-macrophages was shown following stimulation with the VZV mimic poly(dA:dT) or treatment with IFN-α2, hiPSC-macrophages in co-culture with VZV-infected hiPSC-neurons were unable to mount an antiviral immune response capable of suppressing a productive neuronal VZV infection. Subsequently, a comprehensive RNA-Seq analysis confirmed the lack of strong immune responsiveness by hiPSC-neurons and hiPSC-macrophages upon, respectively, VZV infection or challenge. This may suggest the need of other cell types, like T-cells or other innate immune cells, to (co-)orchestrate an efficient antiviral immune response against VZV-infected neurons.Overall design: We generated bulk RNA-seq samples from both hiPSC-neurons and hiPSC-macrophages, stimulated with the pro-inflammatory pdAT or cell-free VZV-eGFP/ORF23."	"PubMed:37287975"	"SRS17157613"	"RNA-Seq"	"VACCINE AND INFECTIOUS DISEASE INSTITUTE (VAXINFECTIO), UNIVERSITY OF ANTWERP"	"SRX19795191"	"GSM7120117"	"Homo sapiens"	""	""	""	""	""	""	""	""	""	""	""	""	"32"	"467093"	"632"	"16530780"	"32"	"1794375"	"403"	"64421449"	"NextSeq 500"	"SINGLE"	"cDNA"	"TRANSCRIPTOMIC"	"GSM7120117"	"ILLUMINA"	"SRP429741"	"2023-04-19T00:00:00"	"106"	"148"	"248"	""	""	"0"	""	""	""	""
"SRR23991532"	"0.785"	"PRJNA949617"	"SAMN33950844"	"Lack of strong innate immune reactivity renders macrophages alone unable to control productive Varicella-Zoster Virus infection in an isogenic human iPSC-derived neuronal co-culture model."	"With Varicella-Zoster Virus (VZV) being an exclusive human pathogen, human induced pluripotent stem cell (hiPSC)-derived neural cell culture models are an emerging tool to investigate VZV neuro-immune interactions. Using a compartmentalized hiPSC-derived neuronal model allowing axonal VZV infection, we previously demonstrated that paracrine interferon (IFN)-α2 signalling is required to activate a broad spectrum of interferon-stimulated genes able to counteract a productive VZV infection in hiPSC-neurons. In this new study, we now investigated whether innate immune signalling by VZV-challenged macrophages was able to orchestrate an antiviral immune response in VZV-infected hiPSC-neurons. In order to establish an isogenic hiPSC-neuron / hiPSC-macrophage co-culture model, hiPSC-macrophages were generated and characterised for phenotype, gene expression, cytokine production and phagocytic capacity. Even though immunological competence of hiPSC-macrophages was shown following stimulation with the VZV mimic poly(dA:dT) or treatment with IFN-α2, hiPSC-macrophages in co-culture with VZV-infected hiPSC-neurons were unable to mount an antiviral immune response capable of suppressing a productive neuronal VZV infection. Subsequently, a comprehensive RNA-Seq analysis confirmed the lack of strong immune responsiveness by hiPSC-neurons and hiPSC-macrophages upon, respectively, VZV infection or challenge. This may suggest the need of other cell types, like T-cells or other innate immune cells, to (co-)orchestrate an efficient antiviral immune response against VZV-infected neurons.Overall design: We generated bulk RNA-seq samples from both hiPSC-neurons and hiPSC-macrophages, stimulated with the pro-inflammatory pdAT or cell-free VZV-eGFP/ORF23."	"PubMed:37287975"	"SRS17157643"	"RNA-Seq"	"VACCINE AND INFECTIOUS DISEASE INSTITUTE (VAXINFECTIO), UNIVERSITY OF ANTWERP"	"SRX19795222"	"GSM7120107"	"Homo sapiens"	""	""	""	""	""	""	""	""	""	""	""	""	"33"	"311779"	"876"	"13556796"	"33"	"1555562"	"552"	"58964062"	"NextSeq 500"	"SINGLE"	"cDNA"	"TRANSCRIPTOMIC"	"GSM7120107"	"ILLUMINA"	"SRP429741"	"2023-04-19T00:00:00"	"132"	"149"	"312"	""	""	"0"	""	""	""	""
"SRR23991551"	"0.781"	"PRJNA949617"	"SAMN33950808"	"Lack of strong innate immune reactivity renders macrophages alone unable to control productive Varicella-Zoster Virus infection in an isogenic human iPSC-derived neuronal co-culture model."	"With Varicella-Zoster Virus (VZV) being an exclusive human pathogen, human induced pluripotent stem cell (hiPSC)-derived neural cell culture models are an emerging tool to investigate VZV neuro-immune interactions. Using a compartmentalized hiPSC-derived neuronal model allowing axonal VZV infection, we previously demonstrated that paracrine interferon (IFN)-α2 signalling is required to activate a broad spectrum of interferon-stimulated genes able to counteract a productive VZV infection in hiPSC-neurons. In this new study, we now investigated whether innate immune signalling by VZV-challenged macrophages was able to orchestrate an antiviral immune response in VZV-infected hiPSC-neurons. In order to establish an isogenic hiPSC-neuron / hiPSC-macrophage co-culture model, hiPSC-macrophages were generated and characterised for phenotype, gene expression, cytokine production and phagocytic capacity. Even though immunological competence of hiPSC-macrophages was shown following stimulation with the VZV mimic poly(dA:dT) or treatment with IFN-α2, hiPSC-macrophages in co-culture with VZV-infected hiPSC-neurons were unable to mount an antiviral immune response capable of suppressing a productive neuronal VZV infection. Subsequently, a comprehensive RNA-Seq analysis confirmed the lack of strong immune responsiveness by hiPSC-neurons and hiPSC-macrophages upon, respectively, VZV infection or challenge. This may suggest the need of other cell types, like T-cells or other innate immune cells, to (co-)orchestrate an efficient antiviral immune response against VZV-infected neurons.Overall design: We generated bulk RNA-seq samples from both hiPSC-neurons and hiPSC-macrophages, stimulated with the pro-inflammatory pdAT or cell-free VZV-eGFP/ORF23."	"PubMed:37287975"	"SRS17157641"	"RNA-Seq"	"VACCINE AND INFECTIOUS DISEASE INSTITUTE (VAXINFECTIO), UNIVERSITY OF ANTWERP"	"SRX19795218"	"GSM7120143"	"Homo sapiens"	""	""	""	""	""	""	""	""	""	""	""	""	"32"	"783234"	"860"	"30885669"	"33"	"4256919"	"487"	"166752905"	"NextSeq 500"	"SINGLE"	"cDNA"	"TRANSCRIPTOMIC"	"GSM7120143"	"ILLUMINA"	"SRP429741"	"2023-04-19T00:00:00"	"222"	"149"	"504"	""	""	"0"	""	""	""	""
"SRR4019627"	"0.771"	"PRJNA338650"	"SAMN05560341"	"Cell responses to dysregulated VZV-induced cell-cell fusion"	"The highly conserved herpesvirus glycoprotein complex, gB/gH-gL, mediates membrane fusion during virion entry and cell-cell fusion.  Varicella-zoster virus (VZV) characteristically forms multi-nucleated cells, or syncytia, during the infection of human tissues but little is known about this process.  The cytoplasmic domain of VZV gB (gBcyt) has been implicated in cell-cell fusion regulation because a gB[Y881F] substitution causes hyperfusion.  The gBcyt regulation is necessary for VZV pathogenesis as the hyperfusogenic mutant gB[Y881F] is severely attenuated in human skin xenografts.  In this study, gBcyt regulated fusion was investigated by comparing melanoma cells infected with wild type-like VZV or hyperfusogenic mutants.  The gB[Y881F] mutant exhibited dramatically accelerated syncytia formation in melanoma cells caused by fusion of infected cells with many uninfected cells, increased cytoskeleton reorganization and rapid displacement of nuclei to dense central structures when compared to pOka using live cell confocal microscopy.  VZV and human transcriptomes were concurrently investigated using RNA-seq to identify viral and cellular responses induced when the gBcyt regulation was disrupted by the gB[Y881F] substitution.  The expression of four vital VZV genes, ORF61 and glycoproteins, gC, gE and gI, was significantly reduced at 36 hours post infection for the hyperfusogenic mutants.  Importantly, hierarchical clustering demonstrated an association of differential gene expression with dysregulated gBcyt-mediated fusion.  A subset of Ras GTPase genes linked to membrane remodeling were upregulated in cells infected with the hyperfusogenic mutants.  These data implicate the gBcyt in the regulation gB fusion function that, if unmodulated, triggers cellular processes leading to hyperfusion that attenuates VZV infection.Overall design: Biological duplicates from 3 time points (12, 24 and 36 hours post infection) of uninfected MeWo cells or MeWo cells infected with varicella-zoster virus strain pOka or mutants gB[Y881F], gB[Y920F] or gB[Y881/920F]"	"PubMed:27795423"	"SRS1610270"	"RNA-Seq"	"GEO"	"SRX2013148"	"GSM2267761"	"Homo sapiens"	""	""	""	""	""	""	""	""	""	""	""	""	"558"	"39587"	"7962"	"12721892"	"56"	"862107"	"2301"	"51837991"	"Illumina HiSeq 2000"	"SINGLE"	"cDNA"	"TRANSCRIPTOMIC"	""	"ILLUMINA"	"SRP081284"	"2017-03-01T00:00:00"	"502"	"51"	"794"	""	""	"0"	""	""	""	""
"SRR23991673"	"0.763"	"PRJNA949617"	"SAMN33950846"	"Lack of strong innate immune reactivity renders macrophages alone unable to control productive Varicella-Zoster Virus infection in an isogenic human iPSC-derived neuronal co-culture model."	"With Varicella-Zoster Virus (VZV) being an exclusive human pathogen, human induced pluripotent stem cell (hiPSC)-derived neural cell culture models are an emerging tool to investigate VZV neuro-immune interactions. Using a compartmentalized hiPSC-derived neuronal model allowing axonal VZV infection, we previously demonstrated that paracrine interferon (IFN)-α2 signalling is required to activate a broad spectrum of interferon-stimulated genes able to counteract a productive VZV infection in hiPSC-neurons. In this new study, we now investigated whether innate immune signalling by VZV-challenged macrophages was able to orchestrate an antiviral immune response in VZV-infected hiPSC-neurons. In order to establish an isogenic hiPSC-neuron / hiPSC-macrophage co-culture model, hiPSC-macrophages were generated and characterised for phenotype, gene expression, cytokine production and phagocytic capacity. Even though immunological competence of hiPSC-macrophages was shown following stimulation with the VZV mimic poly(dA:dT) or treatment with IFN-α2, hiPSC-macrophages in co-culture with VZV-infected hiPSC-neurons were unable to mount an antiviral immune response capable of suppressing a productive neuronal VZV infection. Subsequently, a comprehensive RNA-Seq analysis confirmed the lack of strong immune responsiveness by hiPSC-neurons and hiPSC-macrophages upon, respectively, VZV infection or challenge. This may suggest the need of other cell types, like T-cells or other innate immune cells, to (co-)orchestrate an efficient antiviral immune response against VZV-infected neurons.Overall design: We generated bulk RNA-seq samples from both hiPSC-neurons and hiPSC-macrophages, stimulated with the pro-inflammatory pdAT or cell-free VZV-eGFP/ORF23."	"PubMed:37287975"	"SRS17157609"	"RNA-Seq"	"VACCINE AND INFECTIOUS DISEASE INSTITUTE (VAXINFECTIO), UNIVERSITY OF ANTWERP"	"SRX19795187"	"GSM7120105"	"Homo sapiens"	""	""	""	""	""	""	""	""	""	""	""	""	"34"	"225714"	"813"	"10762715"	"33"	"1289049"	"580"	"49892269"	"NextSeq 500"	"SINGLE"	"cDNA"	"TRANSCRIPTOMIC"	"GSM7120105"	"ILLUMINA"	"SRP429741"	"2023-04-19T00:00:00"	"120"	"149"	"285"	""	""	"0"	""	""	""	""
"SRR23991649"	"0.76"	"PRJNA949617"	"SAMN33950832"	"Lack of strong innate immune reactivity renders macrophages alone unable to control productive Varicella-Zoster Virus infection in an isogenic human iPSC-derived neuronal co-culture model."	"With Varicella-Zoster Virus (VZV) being an exclusive human pathogen, human induced pluripotent stem cell (hiPSC)-derived neural cell culture models are an emerging tool to investigate VZV neuro-immune interactions. Using a compartmentalized hiPSC-derived neuronal model allowing axonal VZV infection, we previously demonstrated that paracrine interferon (IFN)-α2 signalling is required to activate a broad spectrum of interferon-stimulated genes able to counteract a productive VZV infection in hiPSC-neurons. In this new study, we now investigated whether innate immune signalling by VZV-challenged macrophages was able to orchestrate an antiviral immune response in VZV-infected hiPSC-neurons. In order to establish an isogenic hiPSC-neuron / hiPSC-macrophage co-culture model, hiPSC-macrophages were generated and characterised for phenotype, gene expression, cytokine production and phagocytic capacity. Even though immunological competence of hiPSC-macrophages was shown following stimulation with the VZV mimic poly(dA:dT) or treatment with IFN-α2, hiPSC-macrophages in co-culture with VZV-infected hiPSC-neurons were unable to mount an antiviral immune response capable of suppressing a productive neuronal VZV infection. Subsequently, a comprehensive RNA-Seq analysis confirmed the lack of strong immune responsiveness by hiPSC-neurons and hiPSC-macrophages upon, respectively, VZV infection or challenge. This may suggest the need of other cell types, like T-cells or other innate immune cells, to (co-)orchestrate an efficient antiviral immune response against VZV-infected neurons.Overall design: We generated bulk RNA-seq samples from both hiPSC-neurons and hiPSC-macrophages, stimulated with the pro-inflammatory pdAT or cell-free VZV-eGFP/ORF23."	"PubMed:37287975"	"SRS17157615"	"RNA-Seq"	"VACCINE AND INFECTIOUS DISEASE INSTITUTE (VAXINFECTIO), UNIVERSITY OF ANTWERP"	"SRX19795193"	"GSM7120119"	"Homo sapiens"	""	""	""	""	""	""	""	""	""	""	""	""	"31"	"693380"	"576"	"24404276"	"32"	"3272406"	"454"	"116730386"	"NextSeq 500"	"SINGLE"	"cDNA"	"TRANSCRIPTOMIC"	"GSM7120119"	"ILLUMINA"	"SRP429741"	"2023-04-19T00:00:00"	"176"	"149"	"414"	""	""	"0"	""	""	""	""
"SRR12373915"	"0.749"	"PRJNA650393"	"SAMN15704871"	"MethylC-capture sequencing of control, osteoporotic, and Astragalus polysaccharides (APS)-treated osteoporotic SD rats"	"SD rats were intramuscular injected with dexamethasone to induce osteoporosis, and treated with APS. Then, colonic epithelia of control, osteoporotic and APS-treated osteoporotic rats were collected for MethylC-capture sequencing .Overall design: examination of DNA methylation in colonic epithelia of  three groups of rats"	""	"SRS7133826"	"Bisulfite-Seq"	"GEO"	"SRX8872890"	"GSM4708360"	"Rattus norvegicus"	""	""	""	""	""	""	""	""	"colon"	"tissue"	"colon"	"BTO_0000269"	""	""	""	""	"37"	"228220602"	"1896"	"9234872350"	"HiSeq X Ten"	"PAIRED"	"RANDOM"	"GENOMIC"	""	"ILLUMINA"	"SRP275606"	"2023-08-03T00:00:00"	"18872"	"300"	"47721"	""	""	"0"	""	""	""	""
"ERR244065"	"0.724"	"PRJEB2768"	"SAMEA1709554"	"Herpesvirus_whole_genome_sequencing"	"Very little is known about genome diversity of herpesviruses and there are currently very few genome sequences in Genbank. Whole genome sequencing of large DNA viruses is complicated by the difficulty in separating virus DNA from human DNA. In this project we will address this issue by using Agilent SureSelect technology and Illumina deep sequencing to sequence several members of the herpesvirus family, including Epstein Barr virus (EBV, HHV4), Kaposi’s sarcoma associated herpesvirus (KSHV, HHV8) and varicella zoster virus (VZV, HHV3). We have designed custom baits to the available reference sequences and will use these to pull out virus sequence from host DNA and then Illumina sequence the captured virus DNA. The short read data will be assembled into a genome consensus sequence for each virus and importantly, allow analysis of virus minority species, which may be important for pathogenesis.  We will use a range of samples including DNA from cell lines latently infected with either EBV or KSHV or both viruses. These data will enable an initial estimation of genome diversity and highlight differences at the genetic level between EBV and KSHV from different cell lines. Further studies will generate herpesvirus genome sequences from clinical samples, including varicella, Kaposi’s sarcoma and nasopharyngeal carcinoma to investigate virus genetic diversity and pathogenic determinants.  http://www.sanger.ac.uk/resources/downloads/viruses/herpesviridae-lymphocryptovirus  http://www.sanger.ac.uk/resources/downloads/viruses/herpesviridae-rhadinovirus  http://www.sanger.ac.uk/resources/downloads/viruses/herpesviridae-simplexvirus"	"PMC:11943181,8235469"	"ERS074894"	"WGS"	"SC"	"ERX218599"	"SAMEA1709554"	"human gammaherpesvirus 4"	"-81.04537"	"33.99882"	"INSDC center name"	""	""	""	""	""	""	""	""	""	"154"	"15244"	"3382"	"1373996"	"72"	"194952"	"908"	"11577509"	"Illumina HiSeq 2000"	"PAIRED"	"RANDOM"	"GENOMIC"	"2754510"	"ILLUMINA"	"ERP001026"	"2013-03-23T00:00:00"	"54"	"200"	"79"	""	""	"37"	"0.98"	"1"	"0.6"	"1"
"SRR23991541"	"0.713"	"PRJNA949617"	"SAMN33950806"	"Lack of strong innate immune reactivity renders macrophages alone unable to control productive Varicella-Zoster Virus infection in an isogenic human iPSC-derived neuronal co-culture model."	"With Varicella-Zoster Virus (VZV) being an exclusive human pathogen, human induced pluripotent stem cell (hiPSC)-derived neural cell culture models are an emerging tool to investigate VZV neuro-immune interactions. Using a compartmentalized hiPSC-derived neuronal model allowing axonal VZV infection, we previously demonstrated that paracrine interferon (IFN)-α2 signalling is required to activate a broad spectrum of interferon-stimulated genes able to counteract a productive VZV infection in hiPSC-neurons. In this new study, we now investigated whether innate immune signalling by VZV-challenged macrophages was able to orchestrate an antiviral immune response in VZV-infected hiPSC-neurons. In order to establish an isogenic hiPSC-neuron / hiPSC-macrophage co-culture model, hiPSC-macrophages were generated and characterised for phenotype, gene expression, cytokine production and phagocytic capacity. Even though immunological competence of hiPSC-macrophages was shown following stimulation with the VZV mimic poly(dA:dT) or treatment with IFN-α2, hiPSC-macrophages in co-culture with VZV-infected hiPSC-neurons were unable to mount an antiviral immune response capable of suppressing a productive neuronal VZV infection. Subsequently, a comprehensive RNA-Seq analysis confirmed the lack of strong immune responsiveness by hiPSC-neurons and hiPSC-macrophages upon, respectively, VZV infection or challenge. This may suggest the need of other cell types, like T-cells or other innate immune cells, to (co-)orchestrate an efficient antiviral immune response against VZV-infected neurons.Overall design: We generated bulk RNA-seq samples from both hiPSC-neurons and hiPSC-macrophages, stimulated with the pro-inflammatory pdAT or cell-free VZV-eGFP/ORF23."	"PubMed:37287975"	"SRS17157642"	"RNA-Seq"	"VACCINE AND INFECTIOUS DISEASE INSTITUTE (VAXINFECTIO), UNIVERSITY OF ANTWERP"	"SRX19795220"	"GSM7120145"	"Homo sapiens"	""	""	""	""	""	""	""	""	""	""	""	""	"32"	"1003344"	"617"	"39480495"	"33"	"4231258"	"480"	"163774306"	"NextSeq 500"	"SINGLE"	"cDNA"	"TRANSCRIPTOMIC"	"GSM7120145"	"ILLUMINA"	"SRP429741"	"2023-04-19T00:00:00"	"194"	"149"	"445"	""	""	"0"	""	""	""	""
"SRR23991549"	"0.703"	"PRJNA949617"	"SAMN33950808"	"Lack of strong innate immune reactivity renders macrophages alone unable to control productive Varicella-Zoster Virus infection in an isogenic human iPSC-derived neuronal co-culture model."	"With Varicella-Zoster Virus (VZV) being an exclusive human pathogen, human induced pluripotent stem cell (hiPSC)-derived neural cell culture models are an emerging tool to investigate VZV neuro-immune interactions. Using a compartmentalized hiPSC-derived neuronal model allowing axonal VZV infection, we previously demonstrated that paracrine interferon (IFN)-α2 signalling is required to activate a broad spectrum of interferon-stimulated genes able to counteract a productive VZV infection in hiPSC-neurons. In this new study, we now investigated whether innate immune signalling by VZV-challenged macrophages was able to orchestrate an antiviral immune response in VZV-infected hiPSC-neurons. In order to establish an isogenic hiPSC-neuron / hiPSC-macrophage co-culture model, hiPSC-macrophages were generated and characterised for phenotype, gene expression, cytokine production and phagocytic capacity. Even though immunological competence of hiPSC-macrophages was shown following stimulation with the VZV mimic poly(dA:dT) or treatment with IFN-α2, hiPSC-macrophages in co-culture with VZV-infected hiPSC-neurons were unable to mount an antiviral immune response capable of suppressing a productive neuronal VZV infection. Subsequently, a comprehensive RNA-Seq analysis confirmed the lack of strong immune responsiveness by hiPSC-neurons and hiPSC-macrophages upon, respectively, VZV infection or challenge. This may suggest the need of other cell types, like T-cells or other innate immune cells, to (co-)orchestrate an efficient antiviral immune response against VZV-infected neurons.Overall design: We generated bulk RNA-seq samples from both hiPSC-neurons and hiPSC-macrophages, stimulated with the pro-inflammatory pdAT or cell-free VZV-eGFP/ORF23."	"PubMed:37287975"	"SRS17157641"	"RNA-Seq"	"VACCINE AND INFECTIOUS DISEASE INSTITUTE (VAXINFECTIO), UNIVERSITY OF ANTWERP"	"SRX19795218"	"GSM7120143"	"Homo sapiens"	""	""	""	""	""	""	""	""	""	""	""	""	"32"	"787723"	"1036"	"31272434"	"33"	"4130230"	"578"	"163184192"	"NextSeq 500"	"SINGLE"	"cDNA"	"TRANSCRIPTOMIC"	"GSM7120143"	"ILLUMINA"	"SRP429741"	"2023-04-19T00:00:00"	"217"	"149"	"496"	""	""	"0"	""	""	""	""
"SRR9118239"	"0.699"	"PRJNA543970"	"SAMN11793464"	"Mamestra brassicae Transcriptome or Gene expression"	"Transcriptional study of Mamestra brassicae during feeding on different host plants to study the differential gene expression while coping with a myriad of plant defences."	"PMC:9448971"	"SRS4813963"	"RNA-Seq"	"WAGENINGEN UNIVERSITY & RESEARCH"	"SRX5892278"	"Bra39-BOL03"	"Mamestra brassicae"	"4.90787"	"52.36993"	"geo_loc_name"	"{""geo_loc_name_country_calc"": [4.90787, 52.36993], ""geo_loc_name_sam"": [""4.90787"", ""52.36993""]}"	""	""	""	""	""	""	""	""	"536"	"359496"	"10974"	"59038343"	"42"	"8931510"	"3299"	"397114188"	"Illumina HiSeq 4000"	"PAIRED"	"RANDOM PCR"	"TRANSCRIPTOMIC"	"Bra39"	"ILLUMINA"	"SRP199429"	"2022-09-13T00:00:00"	"4691"	"300"	"12266"	"Invertebrate"	"2019-03-24"	"3"	"0.87"	"1"	"0.7"	"0.91"
"SRR9054427"	"0.688"	"PRJNA542900"	"SAMN11642370"	"RNA-seq on miRNA induced mouse keratinocytes. miR-200b cluster and miR-205."	"Vehicle versus Doxycycline miRNA induction.Overall design: miR-200 cells are K14rtTA/pTRE2-miR-200b clustermiR-205 cells are K14rtTA/pTRE2-miR-205For miR-200 induction, samples were sequenced on a Miseq and a Hiseq machine. Counts were then combined at the step of Htseq counts. This gave the most consistent results.miR-200 experiments were done in duplicate and miR-205 were done in triplicates"	"PubMed:37216502,31900330"	"SRS4757764"	"RNA-Seq"	"GEO"	"SRX5830671"	"GSM3767574"	"Mus musculus"	""	""	""	""	""	""	""	""	""	""	""	""	"151"	"2138932"	"3388"	"159842276"	"41"	"18704945"	"1302"	"803396022"	"Illumina HiSeq 4000"	"PAIRED"	"cDNA"	"TRANSCRIPTOMIC"	""	"ILLUMINA"	"SRP198396"	"2020-02-26T00:00:00"	"3864"	"302"	"12173"	""	""	"0"	""	""	""	""
"SRR11053594"	"0.677"	"PRJNA605798"	"SAMN14079310"	"Cytomegalovirus whole genome sequencing"	"Studying congenital transmission of CMV"	"PMC:7806273"	"SRS6127562"	"WGS"	"UNIVERSITY COLLEGE LONDON"	"SRX7703486"	"CMV-14_4"	"Cytomegalovirus"	""	""	""	""	""	""	""	""	""	""	""	""	"203"	"198122"	"16362"	"29801772"	"115"	"988199"	"926"	"69993063"	"Illumina MiSeq"	"PAIRED"	"Hybrid Selection"	"GENOMIC"	"14-6W-BM"	"ILLUMINA"	"SRP247983"	"2020-12-31T00:00:00"	"269"	"404"	"503"	"MIGS.vi, MIGS/MIMS/MIMARKS.human-associated"	""	"0"	""	""	""	""
"SRR23991550"	"0.677"	"PRJNA949617"	"SAMN33950808"	"Lack of strong innate immune reactivity renders macrophages alone unable to control productive Varicella-Zoster Virus infection in an isogenic human iPSC-derived neuronal co-culture model."	"With Varicella-Zoster Virus (VZV) being an exclusive human pathogen, human induced pluripotent stem cell (hiPSC)-derived neural cell culture models are an emerging tool to investigate VZV neuro-immune interactions. Using a compartmentalized hiPSC-derived neuronal model allowing axonal VZV infection, we previously demonstrated that paracrine interferon (IFN)-α2 signalling is required to activate a broad spectrum of interferon-stimulated genes able to counteract a productive VZV infection in hiPSC-neurons. In this new study, we now investigated whether innate immune signalling by VZV-challenged macrophages was able to orchestrate an antiviral immune response in VZV-infected hiPSC-neurons. In order to establish an isogenic hiPSC-neuron / hiPSC-macrophage co-culture model, hiPSC-macrophages were generated and characterised for phenotype, gene expression, cytokine production and phagocytic capacity. Even though immunological competence of hiPSC-macrophages was shown following stimulation with the VZV mimic poly(dA:dT) or treatment with IFN-α2, hiPSC-macrophages in co-culture with VZV-infected hiPSC-neurons were unable to mount an antiviral immune response capable of suppressing a productive neuronal VZV infection. Subsequently, a comprehensive RNA-Seq analysis confirmed the lack of strong immune responsiveness by hiPSC-neurons and hiPSC-macrophages upon, respectively, VZV infection or challenge. This may suggest the need of other cell types, like T-cells or other innate immune cells, to (co-)orchestrate an efficient antiviral immune response against VZV-infected neurons.Overall design: We generated bulk RNA-seq samples from both hiPSC-neurons and hiPSC-macrophages, stimulated with the pro-inflammatory pdAT or cell-free VZV-eGFP/ORF23."	"PubMed:37287975"	"SRS17157641"	"RNA-Seq"	"VACCINE AND INFECTIOUS DISEASE INSTITUTE (VAXINFECTIO), UNIVERSITY OF ANTWERP"	"SRX19795218"	"GSM7120143"	"Homo sapiens"	""	""	""	""	""	""	""	""	""	""	""	""	"32"	"965576"	"774"	"37602537"	"33"	"4288939"	"497"	"169407463"	"NextSeq 500"	"SINGLE"	"cDNA"	"TRANSCRIPTOMIC"	"GSM7120143"	"ILLUMINA"	"SRP429741"	"2023-04-19T00:00:00"	"224"	"149"	"511"	""	""	"0"	""	""	""	""
"SRR21681990"	"0.659"	"PRJNA883591"	"SAMN30973685"	"Transcriptome analysis of K + deficiency susceptible (PUSA362) and tolerant (PUSA372) cultivars under K + sufficient and deficient conditions."	"Ten-days old desi Chickpea cultivars, K+ deficiency sensitive PUSA362 and tolerant PUSA372 were used for comparative transcriptome analysis under K+ and K- conditions. Total RNA was extracted from 100mg tissue sample using TRIZOL reagent (Ambion, life technologies USA) according to manufacturer's protocol. RNA samples were treated with DNaseI (Thermo Scientific) to remove any genomic DNA contamination, and samples were further purified using RNeasy MinElute Clean-up kit (QIAGEN). Quantification of RNA samples was done using nano-spectrophotometer (Nano Drop ONE Thermo Scientific) and RNA integrity was checked by loading the RNA samples on denaturing gel in 1X MOPS buffer. RNA quality was further ensured using an Agilent 2100 RNA Bioanalyzer (Agilent, USA). The library was prepared for RNA-seq experiment using the NEB Next Ultra II RNA Library Prep kit (NEB, Massachusetts, USA) using manufacturer instructions. The prepared library was quantified using Qubit 3 fluorometer (Thermofisher Scientific, Massachusetts, USA) using DNA HS assay kit (Thermofisher Scientific, Massachusetts, USA). The insert size of the library was assessed using 4200 TapeStation (Agilent Technologies, CA, USA). Prepared RNA library was sequenced in Illumina Novaseq 6000 at Nucleome Informatics, Hyderabad, India."	"PMC:9875034"	"SRS15211823"	"RNA-Seq"	"NATIONAL INSTITUTE OF PLANT GENOME RESEARCH"	"SRX17680056"	"PUSA362T1"	"Cicer arietinum"	"77.2172"	"28.63097"	"geo_loc_name_sam"	"{""geo_loc_name_country_calc"": [77.2172, 28.63097], ""geo_loc_name"": [""77.2172"", ""28.63097""]}"	""	""	""	""	""	""	""	""	"210"	"862633"	"4775"	"75978153"	"42"	"7515669"	"2515"	"340167644"	"Illumina NovaSeq 6000"	"PAIRED"	"PCR"	"TRANSCRIPTOMIC"	"PUSA362T1"	"ILLUMINA"	"SRP399191"	"2022-09-23T00:00:00"	"2574"	"300"	"8553"	"Plant"	""	"2"	"0.72"	"0.79"	"0.66"	"0.72"
"ERR4285705"	"0.659"	"PRJEB38829"	"SAMEA6999494"	"Decoding the architecture of the varicella-zoster virus transcriptome"	"Varicella-zoster virus (VZV), a double-stranded DNA virus, causes varicella, establishes lifelong latency in ganglionic neurons, and reactivates later in life to cause herpes zoster, commonly associated with chronic pain. The VZV genome is densely packed and produces multitudes of overlapping transcripts deriving from both strands. While 71 distinct open reading frames (ORFs) have thus far been experimentally defined, the full coding potential of VZV remains unknown. Here, we integrated multiple short-read RNA sequencing approaches with long-read direct RNA sequencing on RNA isolated from VZV-infected cells to provide a comprehensive reannotation of the lytic VZV transcriptome architecture. Through precise mapping of transcription start sites, splice junctions, and polyadenylation sites, we identified 136 distinct polyadenylated VZV RNAs that encode canonical ORFs, non-canonical ORFs, and ORF fusions, as well as putative non-coding RNAs (ncRNAs). Furthermore, we determined the kinetic class of all VZV transcripts and observed, unexpectedly, that transcripts encoding the ORF62 protein, previously designated as immediate-early, were expressed with late kinetics. Our work showcases the complexity of the VZV transcriptome and provides a comprehensive resource that will facilitate future functional studies of coding RNAs, ncRNAs, and the biological mechanisms underlying the regulation of viral transcription and translation during lytic VZV infection."	"PMC:7542360"	"ERS4767575"	"OTHER"	"NEW YORK UNIVERSITY SCHOOL OF MEDICINE"	"ERX4238117"	"SAMEA6999494"	"Human alphaherpesvirus 3"	"-73.9743"	"40.7423"	"INSDC center name"	""	""	""	""	""	""	""	""	""	"34"	"217629"	"327"	"7950493"	"33"	"4769876"	"137"	"165505093"	"MinION"	"SINGLE"	"Oligo-dT"	"TRANSCRIPTOMIC"	"EMC1-ARPE19-UNT-24-DRS"	"OXFORD_NANOPORE"	"ERP122280"	"2020-08-01T00:00:00"	"553"	"1173"	"799"	""	""	"22"	"0.98"	"1"	"0.66"	"1"
"SRR26205887"	"0.656"	"PRJNA1021775"	"SAMN37586001"	"Homo sapiens cerebrospinal fluid metagenomic next-generation sequencing Genome sequencing and assembly"	"cerebrospinal fluid metagenomic next-generation sequencing was used to identify the responsible pathogens of hospitalized patients presenting with suspected intracranial infections. The study aims to investigate the circumstances in which CSF mNGS is suitable for patients with suspected intracranial infections to provide a reference for precision medicine of intracranial infections. The identified responsible pathogen sequence was uploaded in this project."	""	"SRS19001670"	"OTHER"	"HARRISON INTERNATIONAL PEACE HOSPITAL"	"SRX21916897"	"A17"	"human brain metagenome"	"116.38765"	"39.90657"	"geo_loc_name"	"{""geo_loc_name_sam"": [116.38765, 39.90657], ""geo_loc_name_country_calc"": [""116.38765"", ""39.90657""]}"	"host_disease"	"encephalitis"	"encephalitis"	"DOID_9588"	""	""	""	""	"222"	"208"	"1874"	"48121"	"89"	"2074"	"1874"	"163848"	"MGISEQ-2000RS"	"SINGLE"	"other"	"METAGENOMIC"	"A17"	"BGISEQ"	"SRP463703"	"2023-09-28T00:00:00"	"0"	"50"	"1"	"Metagenome or environmental"	"2022-04-20"	"2"	"0.83"	"1"	"0.66"	"0.83"
"SRR9054428"	"0.656"	"PRJNA542900"	"SAMN11642369"	"RNA-seq on miRNA induced mouse keratinocytes. miR-200b cluster and miR-205."	"Vehicle versus Doxycycline miRNA induction.Overall design: miR-200 cells are K14rtTA/pTRE2-miR-200b clustermiR-205 cells are K14rtTA/pTRE2-miR-205For miR-200 induction, samples were sequenced on a Miseq and a Hiseq machine. Counts were then combined at the step of Htseq counts. This gave the most consistent results.miR-200 experiments were done in duplicate and miR-205 were done in triplicates"	"PubMed:37216502,31900330"	"SRS4757766"	"RNA-Seq"	"GEO"	"SRX5830672"	"GSM3767575"	"Mus musculus"	""	""	""	""	""	""	""	""	""	""	""	""	"197"	"969205"	"7755"	"122059442"	"41"	"18382241"	"1066"	"799303075"	"Illumina HiSeq 4000"	"PAIRED"	"cDNA"	"TRANSCRIPTOMIC"	""	"ILLUMINA"	"SRP198396"	"2020-02-26T00:00:00"	"3334"	"302"	"10390"	""	""	"0"	""	""	""	""
"SRR4019610"	"0.652"	"PRJNA338650"	"SAMN05560337"	"Cell responses to dysregulated VZV-induced cell-cell fusion"	"The highly conserved herpesvirus glycoprotein complex, gB/gH-gL, mediates membrane fusion during virion entry and cell-cell fusion.  Varicella-zoster virus (VZV) characteristically forms multi-nucleated cells, or syncytia, during the infection of human tissues but little is known about this process.  The cytoplasmic domain of VZV gB (gBcyt) has been implicated in cell-cell fusion regulation because a gB[Y881F] substitution causes hyperfusion.  The gBcyt regulation is necessary for VZV pathogenesis as the hyperfusogenic mutant gB[Y881F] is severely attenuated in human skin xenografts.  In this study, gBcyt regulated fusion was investigated by comparing melanoma cells infected with wild type-like VZV or hyperfusogenic mutants.  The gB[Y881F] mutant exhibited dramatically accelerated syncytia formation in melanoma cells caused by fusion of infected cells with many uninfected cells, increased cytoskeleton reorganization and rapid displacement of nuclei to dense central structures when compared to pOka using live cell confocal microscopy.  VZV and human transcriptomes were concurrently investigated using RNA-seq to identify viral and cellular responses induced when the gBcyt regulation was disrupted by the gB[Y881F] substitution.  The expression of four vital VZV genes, ORF61 and glycoproteins, gC, gE and gI, was significantly reduced at 36 hours post infection for the hyperfusogenic mutants.  Importantly, hierarchical clustering demonstrated an association of differential gene expression with dysregulated gBcyt-mediated fusion.  A subset of Ras GTPase genes linked to membrane remodeling were upregulated in cells infected with the hyperfusogenic mutants.  These data implicate the gBcyt in the regulation gB fusion function that, if unmodulated, triggers cellular processes leading to hyperfusion that attenuates VZV infection.Overall design: Biological duplicates from 3 time points (12, 24 and 36 hours post infection) of uninfected MeWo cells or MeWo cells infected with varicella-zoster virus strain pOka or mutants gB[Y881F], gB[Y920F] or gB[Y881/920F]"	"PubMed:27795423"	"SRS1610254"	"RNA-Seq"	"GEO"	"SRX2013131"	"GSM2267744"	"Homo sapiens"	""	""	""	""	""	""	""	""	""	""	""	""	"570"	"46815"	"8107"	"14223349"	"56"	"938865"	"2843"	"55946978"	"Illumina HiSeq 2000"	"SINGLE"	"cDNA"	"TRANSCRIPTOMIC"	""	"ILLUMINA"	"SRP081284"	"2017-03-01T00:00:00"	"573"	"51"	"916"	""	""	"0"	""	""	""	""
"SRR23991540"	"0.645"	"PRJNA949617"	"SAMN33950806"	"Lack of strong innate immune reactivity renders macrophages alone unable to control productive Varicella-Zoster Virus infection in an isogenic human iPSC-derived neuronal co-culture model."	"With Varicella-Zoster Virus (VZV) being an exclusive human pathogen, human induced pluripotent stem cell (hiPSC)-derived neural cell culture models are an emerging tool to investigate VZV neuro-immune interactions. Using a compartmentalized hiPSC-derived neuronal model allowing axonal VZV infection, we previously demonstrated that paracrine interferon (IFN)-α2 signalling is required to activate a broad spectrum of interferon-stimulated genes able to counteract a productive VZV infection in hiPSC-neurons. In this new study, we now investigated whether innate immune signalling by VZV-challenged macrophages was able to orchestrate an antiviral immune response in VZV-infected hiPSC-neurons. In order to establish an isogenic hiPSC-neuron / hiPSC-macrophage co-culture model, hiPSC-macrophages were generated and characterised for phenotype, gene expression, cytokine production and phagocytic capacity. Even though immunological competence of hiPSC-macrophages was shown following stimulation with the VZV mimic poly(dA:dT) or treatment with IFN-α2, hiPSC-macrophages in co-culture with VZV-infected hiPSC-neurons were unable to mount an antiviral immune response capable of suppressing a productive neuronal VZV infection. Subsequently, a comprehensive RNA-Seq analysis confirmed the lack of strong immune responsiveness by hiPSC-neurons and hiPSC-macrophages upon, respectively, VZV infection or challenge. This may suggest the need of other cell types, like T-cells or other innate immune cells, to (co-)orchestrate an efficient antiviral immune response against VZV-infected neurons.Overall design: We generated bulk RNA-seq samples from both hiPSC-neurons and hiPSC-macrophages, stimulated with the pro-inflammatory pdAT or cell-free VZV-eGFP/ORF23."	"PubMed:37287975"	"SRS17157642"	"RNA-Seq"	"VACCINE AND INFECTIOUS DISEASE INSTITUTE (VAXINFECTIO), UNIVERSITY OF ANTWERP"	"SRX19795220"	"GSM7120145"	"Homo sapiens"	""	""	""	""	""	""	""	""	""	""	""	""	"32"	"974909"	"670"	"38571799"	"33"	"4366466"	"516"	"168840973"	"NextSeq 500"	"SINGLE"	"cDNA"	"TRANSCRIPTOMIC"	"GSM7120145"	"ILLUMINA"	"SRP429741"	"2023-04-19T00:00:00"	"197"	"148"	"454"	""	""	"0"	""	""	""	""
"DRR144983"	"0.638"	"PRJDB7160"	"SAMD00129454"	"Analysis of Candidate Idarubicin Drug Resistance Genes in MOLT-3 Cells using Exome Nuclear DNA"	"Various gene alterations related to acute leukemia are reportedly involved in drug resistance. We investigated Idarubicin resistance by using exome nuclear DNA analyses of the human acute leukemia cell line MOLT-3 and the derived IDR-resistant cell line MOLT-3/IDR."	""	"DRS071703"	"AMPLICON"	"TOKAI"	"DRX136139"	"SAMD00129454"	"Homo sapiens"	"139.69172"	"35.6895"	"geo_loc_name_sam"	"{""geo_loc_name_country_calc"": [139.69172, 35.6895], ""geo_loc_name"": [""139.69172"", ""35.6895""]}"	""	""	""	""	""	""	""	""	"448"	"827448"	"11686"	"126240424"	"61"	"6859078"	"2493"	"408327399"	"Illumina HiSeq 2500"	"PAIRED"	"RANDOM"	"GENOMIC"	"MOLT3-IDR_Ig663_50001085"	"ILLUMINA"	"DRP004348"	"2018-07-30T00:00:00"	"1831"	"101"	"5139"	"MIMARKS.specimen"	"2013-09-30"	"3"	"0.88"	"1"	"0.64"	"1"
"ERR6209376"	"0.638"	"PRJEB46127"	"SAMEA8960418"	"Transcriptome sequencing of VSV"	"For VSV transcriptome glial and fibroblast cell lines were sequenced at 4 time points with the ONT MinION LSK-108 kit (PCR amplified samples). Sequencing of dCDNA (non-PCR amplified) and Cap-selected mixed samples was also performed in this project."	"PMC:9249600"	"ERS6643171"	"RNA-Seq"	"UNIVERSITY OF SZEGED"	"ERX5844529"	"SAMEA8960418"	"Vesicular stomatitis Indiana virus"	"20.15911"	"46.23163"	"INSDC center name"	""	"title"	"stomatitis"	"stomatitis"	"DOID_9637"	""	""	""	""	"32"	"10809644"	"549"	"367102626"	"32"	"65452817"	"225"	"2206700598"	"MinION"	"SINGLE"	"Oligo-dT"	"TRANSCRIPTOMIC"	"CAP sel. - Mixed sample"	"OXFORD_NANOPORE"	"ERP130328"	"2021-07-07T00:00:00"	"3872"	"725"	"4981"	""	""	"2"	"0.82"	"1"	"0.64"	"0.82"
"SRR8729123"	"0.627"	"PRJNA527100"	"SAMN11127328"	"Next-generation sequencing of double stranded RNA is dramatically improved by treatment with an inexpensive reagent"	"Double stranded RNA (dsRNA) serves as the genome of important viruses and is a key component of RNA interference-based immunity in eukaryotes. DMSO has been used to denature dsRNA prior to reverse transcription stage to improve RT-PCR and Sanger sequencing. We systematically tested the utility of DMSO to improve sequencing yield of a dsRNA virus (Φ6) in a short-read next generation sequencing platform. We found that DMSO treatment improved sequencing read recovery by over two orders of magnitude, even when RNA and cDNA concentrations were below the limit of detection. Furthermore, we provide evidence that this treatment does not adversely affect recovery of reads from single-stranded RNA viral genomes (influenza A/California/07/2009). We suggest that 50% DMSO treatment is used prior to cDNA synthesis when samples of interest are or may contain dsRNA.</p><p>These libraries were created from a premade reagent containing a mixture of dsRNA, ssRNA, and DNA viruses, treated with varying concentrations of DMSO before cDNA synthesis."	"PMC:6927307"	"SRS4489351"	"WGS"	"UC DAVIS"	"SRX5522179"	"Cocktail_50"	"metagenome"	"-0.2414"	"51.68839"	"lat_lon"	"{""geo_loc_name_sam"": [-0.21085, 51.87211], ""geo_loc_name_country_calc"": [-0.12721, 51.50643], ""geo_loc_name"": [""-0.21085"", ""51.87211""]}"	""	""	""	""	""	""	""	""	"32"	"1409244"	"1704"	"54056479"	"33"	"6657348"	"549"	"254355845"	"Illumina MiSeq"	"PAIRED"	"PCR"	"METAGENOMIC"	"Cocktail_50"	"ILLUMINA"	"SRP188437"	"2019-03-14T00:00:00"	"472"	"500"	"811"	"Metagenome or environmental"	""	"1"	"0.63"	"0.63"	"0.63"	"0.63"
"SRR4019612"	"0.613"	"PRJNA338650"	"SAMN05560335"	"Cell responses to dysregulated VZV-induced cell-cell fusion"	"The highly conserved herpesvirus glycoprotein complex, gB/gH-gL, mediates membrane fusion during virion entry and cell-cell fusion.  Varicella-zoster virus (VZV) characteristically forms multi-nucleated cells, or syncytia, during the infection of human tissues but little is known about this process.  The cytoplasmic domain of VZV gB (gBcyt) has been implicated in cell-cell fusion regulation because a gB[Y881F] substitution causes hyperfusion.  The gBcyt regulation is necessary for VZV pathogenesis as the hyperfusogenic mutant gB[Y881F] is severely attenuated in human skin xenografts.  In this study, gBcyt regulated fusion was investigated by comparing melanoma cells infected with wild type-like VZV or hyperfusogenic mutants.  The gB[Y881F] mutant exhibited dramatically accelerated syncytia formation in melanoma cells caused by fusion of infected cells with many uninfected cells, increased cytoskeleton reorganization and rapid displacement of nuclei to dense central structures when compared to pOka using live cell confocal microscopy.  VZV and human transcriptomes were concurrently investigated using RNA-seq to identify viral and cellular responses induced when the gBcyt regulation was disrupted by the gB[Y881F] substitution.  The expression of four vital VZV genes, ORF61 and glycoproteins, gC, gE and gI, was significantly reduced at 36 hours post infection for the hyperfusogenic mutants.  Importantly, hierarchical clustering demonstrated an association of differential gene expression with dysregulated gBcyt-mediated fusion.  A subset of Ras GTPase genes linked to membrane remodeling were upregulated in cells infected with the hyperfusogenic mutants.  These data implicate the gBcyt in the regulation gB fusion function that, if unmodulated, triggers cellular processes leading to hyperfusion that attenuates VZV infection.Overall design: Biological duplicates from 3 time points (12, 24 and 36 hours post infection) of uninfected MeWo cells or MeWo cells infected with varicella-zoster virus strain pOka or mutants gB[Y881F], gB[Y920F] or gB[Y881/920F]"	"PubMed:27795423"	"SRS1610257"	"RNA-Seq"	"GEO"	"SRX2013133"	"GSM2267746"	"Homo sapiens"	""	""	""	""	""	""	""	""	""	""	""	""	"474"	"42903"	"6732"	"10974158"	"55"	"820259"	"2308"	"48145691"	"Illumina HiSeq 2000"	"SINGLE"	"cDNA"	"TRANSCRIPTOMIC"	""	"ILLUMINA"	"SRP081284"	"2017-03-01T00:00:00"	"410"	"51"	"655"	""	""	"0"	""	""	""	""
"SRR21876932"	"0.595"	"PRJNA888840"	"SAMN31221715"	"Metagenomic sequence of Rhizosphere microbiome infected with Striga  hermontheca"	"The goal of the study is to reveal the microbial composition and functional genes within maize rhizosphere infected with Striga hermontheca using a next-generation sequencing approach. This improved ecological understanding will open up avenues to develop practical control strategies for Striga hermontheca."	"PMC:10293916"	"SRS15382594"	"WGS"	"1- NORTH-WEST UNIVERSITY, 2735, SOUTH AFRICA; 2- UNIVERSITY OF PAVIA,27100, ITALY; 3- TIANJIN UNIVER"	"SRX17864052"	"StrigaPro"	"rhizosphere metagenome"	"3.47"	"7.47"	"lat_lon"	"{""geo_loc_name_sam"": [3.42547, 7.53547], ""geo_loc_name_country_calc"": [7.46228, 9.06344], ""geo_loc_name"": [""3.42547"", ""7.53547""]}"	""	""	""	""	""	""	""	""	"232"	"120068"	"1084"	"22522258"	"150"	"4058844"	"755"	"413894845"	"Illumina NovaSeq 6000"	"PAIRED"	"PCR"	"METAGENOMIC"	"S8"	"ILLUMINA"	"SRP402201"	"2022-10-12T00:00:00"	"683"	"300"	"2159"	"Metagenome or environmental"	"2022-04-01"	"1"	"0.6"	"0.6"	"0.6"	"0.6"
"ERR244047"	"0.595"	"PRJEB2768"	"SAMEA1709600"	"Herpesvirus_whole_genome_sequencing"	"Very little is known about genome diversity of herpesviruses and there are currently very few genome sequences in Genbank. Whole genome sequencing of large DNA viruses is complicated by the difficulty in separating virus DNA from human DNA. In this project we will address this issue by using Agilent SureSelect technology and Illumina deep sequencing to sequence several members of the herpesvirus family, including Epstein Barr virus (EBV, HHV4), Kaposi’s sarcoma associated herpesvirus (KSHV, HHV8) and varicella zoster virus (VZV, HHV3). We have designed custom baits to the available reference sequences and will use these to pull out virus sequence from host DNA and then Illumina sequence the captured virus DNA. The short read data will be assembled into a genome consensus sequence for each virus and importantly, allow analysis of virus minority species, which may be important for pathogenesis.  We will use a range of samples including DNA from cell lines latently infected with either EBV or KSHV or both viruses. These data will enable an initial estimation of genome diversity and highlight differences at the genetic level between EBV and KSHV from different cell lines. Further studies will generate herpesvirus genome sequences from clinical samples, including varicella, Kaposi’s sarcoma and nasopharyngeal carcinoma to investigate virus genetic diversity and pathogenic determinants.  http://www.sanger.ac.uk/resources/downloads/viruses/herpesviridae-lymphocryptovirus  http://www.sanger.ac.uk/resources/downloads/viruses/herpesviridae-rhadinovirus  http://www.sanger.ac.uk/resources/downloads/viruses/herpesviridae-simplexvirus"	"PMC:11943181,8235469"	"ERS074876"	"WGS"	"SC"	"ERX218581"	"SAMEA1709600"	"Human alphaherpesvirus 3"	"-81.04537"	"33.99882"	"INSDC center name"	""	""	""	""	""	""	""	""	""	"236"	"3696"	"2671"	"837660"	"90"	"48097"	"1117"	"3356940"	"Illumina HiSeq 2000"	"PAIRED"	"RANDOM"	"GENOMIC"	"2674252"	"ILLUMINA"	"ERP001026"	"2013-06-13T00:00:00"	"16"	"200"	"22"	""	""	"37"	"0.98"	"1"	"0.6"	"1"
"SRR19738268"	"0.591"	"PRJNA850448"	"SAMN29182096"	"Transcriptional response to VZV infection is modulated by RNA Polymerase III in lung epithelial cell lines"	"Short interspersed nuclear elements (SINEs) are retrotransposons that generate exclusively double-stranded noncoding RNAs transcribed by the ancestral RNA polymerase III (Pol III), a multi-subunit polymerase. Although SINE ncRNAs are generally transcriptionally repressed, they can be induced in response to viral infections and can stimulate immune signaling pathways. Indeed, mutations in Pol III have been associated with poor antiviral interferon response following infection with varicella zoster virus (VZV). In this study, we probed the role of Pol III transcripts in the detection and initial immune response to VZV by characterizing the transcriptional response following VZV infection of wild type A549 lung epithelial cells as well as A549 cells lacking specific RNA sensor MAVS, or interferon-stimulated genes RNase L and PKR in presence or absence of functional RNA Pol III. Multiple components of the antiviral sensing and interferon signaling pathways were involved in restricting VZV replication in lung epithelial cells thus suggesting an innate defense system with built-in redundancy. In addition, RNase L deficiency led to a unique transcription profile indicating that RNA Pol III transcriptcs can act as immune sensors of VZV infection. Collectively, these findings suggest an essential role for RNA Pol III in the antiviral response to VZV infection."	"PMC:9359802"	"SRS13477241"	"RNA-Seq"	"UNIVERSITY OF KENTUCKY"	"SRX15784112"	"A549_RL6KO"	"Homo sapiens"	""	""	""	""	""	""	""	""	"lung"	"tissue"	"lung"	"BTO_0000763"	"273"	"3261421"	"9118"	"402282995"	"61"	"16814898"	"2590"	"995055724"	"Illumina HiSeq 4000"	"PAIRED"	"cDNA"	"GENOMIC"	"RL_siBrf1_Infected_-51-R"	"ILLUMINA"	"SRP382324"	"2022-07-12T00:00:00"	"5939"	"283"	"19714"	"Human"	""	"0"	""	""	""	""
"SRR23991609"	"0.588"	"PRJNA949617"	"SAMN33950798"	"Lack of strong innate immune reactivity renders macrophages alone unable to control productive Varicella-Zoster Virus infection in an isogenic human iPSC-derived neuronal co-culture model."	"With Varicella-Zoster Virus (VZV) being an exclusive human pathogen, human induced pluripotent stem cell (hiPSC)-derived neural cell culture models are an emerging tool to investigate VZV neuro-immune interactions. Using a compartmentalized hiPSC-derived neuronal model allowing axonal VZV infection, we previously demonstrated that paracrine interferon (IFN)-α2 signalling is required to activate a broad spectrum of interferon-stimulated genes able to counteract a productive VZV infection in hiPSC-neurons. In this new study, we now investigated whether innate immune signalling by VZV-challenged macrophages was able to orchestrate an antiviral immune response in VZV-infected hiPSC-neurons. In order to establish an isogenic hiPSC-neuron / hiPSC-macrophage co-culture model, hiPSC-macrophages were generated and characterised for phenotype, gene expression, cytokine production and phagocytic capacity. Even though immunological competence of hiPSC-macrophages was shown following stimulation with the VZV mimic poly(dA:dT) or treatment with IFN-α2, hiPSC-macrophages in co-culture with VZV-infected hiPSC-neurons were unable to mount an antiviral immune response capable of suppressing a productive neuronal VZV infection. Subsequently, a comprehensive RNA-Seq analysis confirmed the lack of strong immune responsiveness by hiPSC-neurons and hiPSC-macrophages upon, respectively, VZV infection or challenge. This may suggest the need of other cell types, like T-cells or other innate immune cells, to (co-)orchestrate an efficient antiviral immune response against VZV-infected neurons.Overall design: We generated bulk RNA-seq samples from both hiPSC-neurons and hiPSC-macrophages, stimulated with the pro-inflammatory pdAT or cell-free VZV-eGFP/ORF23."	"PubMed:37287975"	"SRS17157625"	"RNA-Seq"	"VACCINE AND INFECTIOUS DISEASE INSTITUTE (VAXINFECTIO), UNIVERSITY OF ANTWERP"	"SRX19795203"	"GSM7120153"	"Homo sapiens"	""	""	""	""	""	""	""	""	""	""	""	""	"32"	"366257"	"528"	"13027158"	"33"	"1243981"	"348"	"46320966"	"NextSeq 500"	"SINGLE"	"cDNA"	"TRANSCRIPTOMIC"	"GSM7120153"	"ILLUMINA"	"SRP429741"	"2023-04-19T00:00:00"	"65"	"147"	"147"	""	""	"0"	""	""	""	""
"SRR23991534"	"0.588"	"PRJNA949617"	"SAMN33950844"	"Lack of strong innate immune reactivity renders macrophages alone unable to control productive Varicella-Zoster Virus infection in an isogenic human iPSC-derived neuronal co-culture model."	"With Varicella-Zoster Virus (VZV) being an exclusive human pathogen, human induced pluripotent stem cell (hiPSC)-derived neural cell culture models are an emerging tool to investigate VZV neuro-immune interactions. Using a compartmentalized hiPSC-derived neuronal model allowing axonal VZV infection, we previously demonstrated that paracrine interferon (IFN)-α2 signalling is required to activate a broad spectrum of interferon-stimulated genes able to counteract a productive VZV infection in hiPSC-neurons. In this new study, we now investigated whether innate immune signalling by VZV-challenged macrophages was able to orchestrate an antiviral immune response in VZV-infected hiPSC-neurons. In order to establish an isogenic hiPSC-neuron / hiPSC-macrophage co-culture model, hiPSC-macrophages were generated and characterised for phenotype, gene expression, cytokine production and phagocytic capacity. Even though immunological competence of hiPSC-macrophages was shown following stimulation with the VZV mimic poly(dA:dT) or treatment with IFN-α2, hiPSC-macrophages in co-culture with VZV-infected hiPSC-neurons were unable to mount an antiviral immune response capable of suppressing a productive neuronal VZV infection. Subsequently, a comprehensive RNA-Seq analysis confirmed the lack of strong immune responsiveness by hiPSC-neurons and hiPSC-macrophages upon, respectively, VZV infection or challenge. This may suggest the need of other cell types, like T-cells or other innate immune cells, to (co-)orchestrate an efficient antiviral immune response against VZV-infected neurons.Overall design: We generated bulk RNA-seq samples from both hiPSC-neurons and hiPSC-macrophages, stimulated with the pro-inflammatory pdAT or cell-free VZV-eGFP/ORF23."	"PubMed:37287975"	"SRS17157643"	"RNA-Seq"	"VACCINE AND INFECTIOUS DISEASE INSTITUTE (VAXINFECTIO), UNIVERSITY OF ANTWERP"	"SRX19795222"	"GSM7120107"	"Homo sapiens"	""	""	""	""	""	""	""	""	""	""	""	""	"33"	"308284"	"809"	"13467237"	"33"	"1599712"	"585"	"60574150"	"NextSeq 500"	"SINGLE"	"cDNA"	"TRANSCRIPTOMIC"	"GSM7120107"	"ILLUMINA"	"SRP429741"	"2023-04-19T00:00:00"	"134"	"149"	"318"	""	""	"0"	""	""	""	""
"SRR10209540"	"0.584"	"PRJNA565681"	"SAMN12766746"	"Mixture of common viruses spiked in to control plasma at known viral loads. Raw sequence reads"	"Metagenomic Next-Generation Sequencing for the Identification and Quantitation of Transplant-Related DNA Viruses"	"PMC:6879295"	"SRS5459824"	"WGS"	"ARCBIO"	"SRX6929386"	"Human-filtered Clinical Samples"	"metagenome"	"-122.18"	"37.45"	"lat_lon"	"{""geo_loc_name_sam"":[-121.49086,38.57944],""geo_loc_name_country_calc"":[-77.03196,38.89036],""geo_loc_name"":[-121.49086,38.57944]}"	"paragraph"	"infectious disease"	"disease by infectious agent"	"DOID_0050117"	""	""	""	""	"166"	"10012"	"1714"	"817950"	"49"	"225479"	"924"	"10791757"	"NextSeq 550"	"PAIRED"	"Oligo-dT"	"METAGENOMIC"	"trimmed_nonhuman_run4_HIGHRUNCTRL_S13"	"ILLUMINA"	"SRP222294"	"2019-10-02T00:00:00"	"35"	"149"	"75"	"Metagenome or environmental"	"2019-01-20"	"1"	"0.58"	"0.58"	"0.58"	"0.58"
"ERR1279051"	"0.573"	"PRJEB12814"	"SAMEA3878785"	"Longitudinal whole genome sequencing of cytomegalovirus from children"	"Cytomegalovirus can cause fatal pneumonitis and colitis in the immunocompromised, as well as increasing the risk of organ rejection in transplant patients. With the advent of new anti-CMV drugs there is considerable interest in using virus sequence data to monitor emerging resistance and identify new mutations.   We used the Sure Select capture method and deep sequencing of CMV DNA  from 11 immunosuppressed paediatric patients receiving single or combination anti-CMV treatment who were serially sampled over periods of 1-27 weeks."	"PMC:6667795,6431178,11326829,5016526"	"ERS1065919"	"WGS"	"UCL"	"ERX1350657"	"SAMEA3878785"	"Human betaherpesvirus 5"	"-0.12721"	"51.50643"	"geo_loc_name"	"{""INSDC center name"": [-0.13563, 51.52149], ""geo_loc_name_country_calc"": [""-0.12721"", ""51.50643""]}"	""	""	""	""	""	""	""	""	"201"	"207543"	"13368"	"29945598"	"123"	"905422"	"1343"	"67320878"	"Illumina MiSeq"	"PAIRED"	"Hybrid Selection"	"GENOMIC"	"unspecified"	"ILLUMINA"	"ERP014331"	"2016-02-27T00:00:00"	"184"	"374"	"347"	""	"2015-01-01"	"4"	"0.85"	"1"	"0.57"	"0.91"
"SRR19738231"	"0.57"	"PRJNA850448"	"SAMN29182097"	"Transcriptional response to VZV infection is modulated by RNA Polymerase III in lung epithelial cell lines"	"Short interspersed nuclear elements (SINEs) are retrotransposons that generate exclusively double-stranded noncoding RNAs transcribed by the ancestral RNA polymerase III (Pol III), a multi-subunit polymerase. Although SINE ncRNAs are generally transcriptionally repressed, they can be induced in response to viral infections and can stimulate immune signaling pathways. Indeed, mutations in Pol III have been associated with poor antiviral interferon response following infection with varicella zoster virus (VZV). In this study, we probed the role of Pol III transcripts in the detection and initial immune response to VZV by characterizing the transcriptional response following VZV infection of wild type A549 lung epithelial cells as well as A549 cells lacking specific RNA sensor MAVS, or interferon-stimulated genes RNase L and PKR in presence or absence of functional RNA Pol III. Multiple components of the antiviral sensing and interferon signaling pathways were involved in restricting VZV replication in lung epithelial cells thus suggesting an innate defense system with built-in redundancy. In addition, RNase L deficiency led to a unique transcription profile indicating that RNA Pol III transcriptcs can act as immune sensors of VZV infection. Collectively, these findings suggest an essential role for RNA Pol III in the antiviral response to VZV infection."	"PMC:9359802"	"SRS13477242"	"RNA-Seq"	"UNIVERSITY OF KENTUCKY"	"SRX15784149"	"A549_TLR3KO"	"Homo sapiens"	""	""	""	""	""	""	""	""	"lung"	"tissue"	"lung"	"BTO_0000763"	"354"	"2550722"	"14640"	"417464428"	"61"	"20200449"	"2819"	"1160528588"	"Illumina HiSeq 4000"	"PAIRED"	"cDNA"	"GENOMIC"	"TLR3-_siBrf1_Infected_-45-R"	"ILLUMINA"	"SRP382324"	"2022-07-12T00:00:00"	"7414"	"284"	"24531"	"Human"	""	"0"	""	""	""	""
"ERR3210017"	"0.57"	"PRJEB31632"	"SAMEA5410277"	"Hospital Microbiome"	"Although disinfection is key to infection control, the colonization patterns and resistomes of hospital-environment microbes remain underexplored. We report the first extensive genomic characterization of microbiomes, pathogens and antibiotic-resistance cassettes in a tertiary hospital from repeated sampling (up to 1.5 years apart) of 179 sites from 45 beds. Deep shotgun-metagenomics unveiled distinct ecological niches of microbes and antibiotic-resistance genes characterized by biofilm-forming and human-microbiome influenced environments with corresponding patterns of spatiotemporal divergence. Quasi-metagenomics with nanopore sequencing provided thousands of high-contiguity genomes, phage and plasmid sequences (>60% novel), enabling characterization of resistome/mobilome diversity and dynamic architectures in hospital environments. Phylogenetics identified multidrug-resistant strains as being widely-distributed and stably-colonizing across sites. Comparisons with clinical isolates indicated that they persist in hospitals for extended periods (>8 years), opportunistically infecting patients. These findings highlight the importance of characterizing antibiotic-resistance reservoirs in hospitals and establishes feasibility of systematic surveys to target resources for preventing infections."	"PMC:8346589"	"ERS3215584"	"WGS"	"GENOME INSTITRUTE OF SINGAPORE"	"ERX3237628"	"SAMEA5410277"	"metagenome"	"103.79258"	"1.30263"	"INSDC center name"	""	""	""	""	""	""	""	""	""	"397"	"194382"	"14676"	"50388378"	"87"	"2857292"	"2957"	"207722019"	"Illumina HiSeq 2000"	"PAIRED"	"RANDOM"	"METAGENOMIC"	"unspecified"	"ILLUMINA"	"ERP114207"	"2019-05-23T00:00:00"	"382"	"200"	"893"	""	""	"3"	"0.86"	"1"	"0.57"	"1"
"SRR4098581"	"0.559"	"PRJNA324581"	"SAMN05713716"	"Clinical sequencing Metagenome Metagenomic assembly"	"Metagenomic sequencing of samplings from clinical infections. Sample types include stool, nasopharynx, skin, etc."	""	"SRS1658281"	"OTHER"	"THE GENOME INSTITUTE AT WASHINGTON UNIVERSITY SCHOOL OF MEDICINE"	"SRX2067118"	"H_LA-CC22-1"	"viral metagenome"	"-90.19956"	"38.62775"	"geo_loc_name"	"{""geo_loc_name_country_calc"": [-77.03196, 38.89036], ""geo_loc_name_sam"": [""-90.19956"", ""38.62775""]}"	""	""	""	""	""	""	""	""	"232"	"421"	"1090"	"94048"	"95"	"5440"	"816"	"404888"	"Illumina HiSeq 2500"	"PAIRED"	"Hybrid Selection"	"METAGENOMIC"	"H_LA-CC22-1"	"ILLUMINA"	"SRP083744"	"2017-09-01T00:00:00"	"4"	"134"	"14"	"Metagenome or environmental"	""	"7"	"0.87"	"1"	"0.53"	"1"
"SRR23991668"	"0.559"	"PRJNA949617"	"SAMN33950845"	"Lack of strong innate immune reactivity renders macrophages alone unable to control productive Varicella-Zoster Virus infection in an isogenic human iPSC-derived neuronal co-culture model."	"With Varicella-Zoster Virus (VZV) being an exclusive human pathogen, human induced pluripotent stem cell (hiPSC)-derived neural cell culture models are an emerging tool to investigate VZV neuro-immune interactions. Using a compartmentalized hiPSC-derived neuronal model allowing axonal VZV infection, we previously demonstrated that paracrine interferon (IFN)-α2 signalling is required to activate a broad spectrum of interferon-stimulated genes able to counteract a productive VZV infection in hiPSC-neurons. In this new study, we now investigated whether innate immune signalling by VZV-challenged macrophages was able to orchestrate an antiviral immune response in VZV-infected hiPSC-neurons. In order to establish an isogenic hiPSC-neuron / hiPSC-macrophage co-culture model, hiPSC-macrophages were generated and characterised for phenotype, gene expression, cytokine production and phagocytic capacity. Even though immunological competence of hiPSC-macrophages was shown following stimulation with the VZV mimic poly(dA:dT) or treatment with IFN-α2, hiPSC-macrophages in co-culture with VZV-infected hiPSC-neurons were unable to mount an antiviral immune response capable of suppressing a productive neuronal VZV infection. Subsequently, a comprehensive RNA-Seq analysis confirmed the lack of strong immune responsiveness by hiPSC-neurons and hiPSC-macrophages upon, respectively, VZV infection or challenge. This may suggest the need of other cell types, like T-cells or other innate immune cells, to (co-)orchestrate an efficient antiviral immune response against VZV-infected neurons.Overall design: We generated bulk RNA-seq samples from both hiPSC-neurons and hiPSC-macrophages, stimulated with the pro-inflammatory pdAT or cell-free VZV-eGFP/ORF23."	"PubMed:37287975"	"SRS17157608"	"RNA-Seq"	"VACCINE AND INFECTIOUS DISEASE INSTITUTE (VAXINFECTIO), UNIVERSITY OF ANTWERP"	"SRX19795188"	"GSM7120106"	"Homo sapiens"	""	""	""	""	""	""	""	""	""	""	""	""	"32"	"531100"	"781"	"21018590"	"32"	"2374699"	"546"	"87654713"	"NextSeq 500"	"SINGLE"	"cDNA"	"TRANSCRIPTOMIC"	"GSM7120106"	"ILLUMINA"	"SRP429741"	"2023-04-19T00:00:00"	"181"	"149"	"428"	""	""	"0"	""	""	""	""
"SRR16944428"	"0.548"	"PRJNA780348"	"SAMN23138701"	"WGS for opportunistic fungal pathogen Aspergillus fumigatus"	"Aspergillus fumigatus is a potentially deadly human pathogen that primarily infects individuals with compromised immune systems. ~100,000 people die each year due to complications from A. fumigatus infections. In the United States in 2014, an estimated 15,000 people were hospitalized due to A. fumigatus related infections, resulting in healthcare costs totaling more than $1 billion. Treating and controlling A. fumigatus infections is particularly challenging because of the emergence of drug resistance and the increased frequency of immunocompromised individuals because of immunosuppressive medical treatments. The long-term goal is to improve treatment of A. fumigatus infections. The objective of this proposal is to determine the genetic variants and genes that contribute to A. fumigatus pathogenicity-associated traits. To date, A. fumigatus genomic research has lagged behind the pace at which DNA-sequencing technologies and computational biology methodologies have advanced. New approaches are required to decipher the polymorphisms and genes underlying the complex nature of A. fumigatus pathogenicity. The central hypothesis is that standing genetic variation at multiple loci accounts for differences in A. fumigatus pathogenicity between isolates. The rationale underlying this proposal is that completion of this work will identify novel targets for disrupting A. fumigatus pathogenicity and treating A. fumigatus infections. The central hypothesis will be tested by pursuing three specific aims: (1) Quantify natural phenotypic variation for a collection of A. fumigatus immune evasion and immune adaptation traits, (2) Identify genetic variants associated with A. fumigatus immune adaptation and immune adaptation strategies using genome-wide association analysis, and (3) Validate candidate genes and genetic variants associated with A. fumigatus pathogenicity using molecular genetic approaches. This research will be conducted with a collection of 286 diverse A. fumigatus isolates for which all genomes have been sequenced and genetic variants have been identified. These aims will be pursued using a combination of innovative statistical genomic (genome-wide association) and CRISPR/Cas9-based molecular genetic approaches. Importantly, the combination of these methods will greatly reduce false positives. The proposed research is significant because it will reveal novel insights into the genetic basis of A. fumigatus pathogenicity and identify new potential drug targets. The results of this research have the potential to positively affect hundreds of thousands of individuals that are burdened by A. fumigatus infections."	""	"SRS11069770"	"WGS"	"UMASS AMHERST"	"SRX13136272"	"FR SAT 16_10_40"	"Sartorya fumigata"	"2.3414"	"48.85717"	"geo_loc_name"	"{""geo_loc_name_country_calc"": [2.3414, 48.85717], ""geo_loc_name_sam"": [""2.3414"", ""48.85717""]}"	""	""	""	""	""	""	""	""	"30164"	"34302"	"167966"	"28775543"	"58"	"1499775"	"952"	"84035028"	"Illumina NovaSeq 6000"	"PAIRED"	"RANDOM"	"GENOMIC"	"FR SAT 16_10_40"	"ILLUMINA"	"SRP346054"	"2021-11-15T00:00:00"	"1948"	"300"	"4800"	"Pathogen.cl"	""	"1"	"0.55"	"0.55"	"0.55"	"0.55"
"SRR15524203"	"0.534"	"PRJNA734644"	"SAMN20822610"	"Raw sequence reads for human plasma cfDNA samples positive with multiple DNA viruses"	"Fragment size-based enrichment of viral sequences in plasma cell-free DNA"	"PMC:9127460"	"SRS9837248"	"WGS"	"UNIVERSITY OF WASHINGTON"	"SRX11822957"	"VZV079"	"Human alphaherpesvirus 3"	"-122.32945"	"47.60357"	"geo_loc_name"	"{""geo_loc_name_country_calc"": [-77.03196, 38.89036], ""geo_loc_name_sam"": [""-122.32945"", ""47.60357""]}"	""	""	""	""	""	""	""	""	"32"	"289543"	"1413"	"9938408"	"38"	"6177999"	"516"	"238678987"	"NextSeq 550"	"PAIRED"	"RANDOM"	"GENOMIC"	"=LEFT(L22,FIND(""_"",L22)-1)"	"ILLUMINA"	"SRP333243"	"2021-08-19T00:00:00"	"1192"	"102"	"4565"	"Pathogen.cl"	""	"7"	"0.92"	"1"	"0.53"	"1"
"SRR5822217"	"0.534"	"PRJNA394104"	"SAMN07348504"	"De novo transcriptome of the mayfly Cloeon viridulum and transcriptional signatures of Prometabola"	"we used next-generation sequencing technology to characterize mRNA-seq of Cloeon viridulum (Ephemeroptera: Baetidae) among the young larva (YL), mature larva (ML), subimago (SI), imago (IM) stages, and mixture sampling (composite group, CG).Overall design: Examination of 4 different stages during prometabola."	""	"SRS2350905"	"RNA-Seq"	"GEO"	"SRX3000063"	"GSM2701911"	"Cloeon viridulum"	""	""	""	""	""	""	""	""	""	""	""	""	"594"	"251535"	"9706"	"46253192"	"44"	"5998507"	"2107"	"272146844"	"Illumina HiSeq 2500"	"PAIRED"	"cDNA"	"TRANSCRIPTOMIC"	""	"ILLUMINA"	"SRP111817"	"2018-06-01T00:00:00"	"5813"	"222"	"9228"	""	""	"0"	""	""	""	""
"SRR11354627"	"0.534"	"PRJNA613174"	"SAMN14395477"	"Raw genome data of extraintestinal Escherichia coli clinical isolates in Tianjin"	"The study investigated molecular typing, acquired antibiotic resistance and virulence of clinical extraintestinal Escherichia coli strains"	""	"SRS6342667"	"WGS"	"NANKAI UNIVERSITY"	"SRX7956492"	"LSQ46"	"Escherichia coli"	"117.19935"	"39.14218"	"geo_loc_name"	"{""geo_loc_name_country_calc"": [116.38765, 39.90657], ""geo_loc_name_sam"": [""117.19935"", ""39.14218""]}"	""	""	""	""	""	""	""	""	"3310"	"7993"	"16021"	"5602671"	"43"	"772644"	"864"	"34005439"	"HiSeq X Ten"	"PAIRED"	"RANDOM"	"GENOMIC"	"E_46"	"ILLUMINA"	"SRP253390"	"2020-03-20T00:00:00"	"510"	"300"	"1185"	"Pathogen.cl"	""	"2"	"0.72"	"0.9"	"0.53"	"0.72"
"SRR4098583"	"0.527"	"PRJNA324581"	"SAMN05713718"	"Clinical sequencing Metagenome Metagenomic assembly"	"Metagenomic sequencing of samplings from clinical infections. Sample types include stool, nasopharynx, skin, etc."	""	"SRS1658283"	"OTHER"	"THE GENOME INSTITUTE AT WASHINGTON UNIVERSITY SCHOOL OF MEDICINE"	"SRX2067120"	"H_LA-CC24-1"	"viral metagenome"	"-90.19956"	"38.62775"	"geo_loc_name"	"{""geo_loc_name_sam"": [-90.19956, 38.62775], ""geo_loc_name_country_calc"": [""-77.03196"", ""38.89036""]}"	""	""	""	""	""	""	""	""	"1007"	"406929"	"35202"	"73023550"	"46"	"9977005"	"3316"	"448597539"	"Illumina HiSeq 2500"	"PAIRED"	"Hybrid Selection"	"METAGENOMIC"	"H_LA-CC24-1"	"ILLUMINA"	"SRP083744"	"2017-09-01T00:00:00"	"4220"	"249"	"13717"	"Metagenome or environmental"	""	"7"	"0.87"	"1"	"0.53"	"1"
"SRR23991676"	"0.523"	"PRJNA949617"	"SAMN33950847"	"Lack of strong innate immune reactivity renders macrophages alone unable to control productive Varicella-Zoster Virus infection in an isogenic human iPSC-derived neuronal co-culture model."	"With Varicella-Zoster Virus (VZV) being an exclusive human pathogen, human induced pluripotent stem cell (hiPSC)-derived neural cell culture models are an emerging tool to investigate VZV neuro-immune interactions. Using a compartmentalized hiPSC-derived neuronal model allowing axonal VZV infection, we previously demonstrated that paracrine interferon (IFN)-α2 signalling is required to activate a broad spectrum of interferon-stimulated genes able to counteract a productive VZV infection in hiPSC-neurons. In this new study, we now investigated whether innate immune signalling by VZV-challenged macrophages was able to orchestrate an antiviral immune response in VZV-infected hiPSC-neurons. In order to establish an isogenic hiPSC-neuron / hiPSC-macrophage co-culture model, hiPSC-macrophages were generated and characterised for phenotype, gene expression, cytokine production and phagocytic capacity. Even though immunological competence of hiPSC-macrophages was shown following stimulation with the VZV mimic poly(dA:dT) or treatment with IFN-α2, hiPSC-macrophages in co-culture with VZV-infected hiPSC-neurons were unable to mount an antiviral immune response capable of suppressing a productive neuronal VZV infection. Subsequently, a comprehensive RNA-Seq analysis confirmed the lack of strong immune responsiveness by hiPSC-neurons and hiPSC-macrophages upon, respectively, VZV infection or challenge. This may suggest the need of other cell types, like T-cells or other innate immune cells, to (co-)orchestrate an efficient antiviral immune response against VZV-infected neurons.Overall design: We generated bulk RNA-seq samples from both hiPSC-neurons and hiPSC-macrophages, stimulated with the pro-inflammatory pdAT or cell-free VZV-eGFP/ORF23."	"PubMed:37287975"	"SRS17157607"	"RNA-Seq"	"VACCINE AND INFECTIOUS DISEASE INSTITUTE (VAXINFECTIO), UNIVERSITY OF ANTWERP"	"SRX19795186"	"GSM7120104"	"Homo sapiens"	""	""	""	""	""	""	""	""	""	""	""	""	"32"	"433522"	"944"	"17517382"	"32"	"2367319"	"504"	"86525948"	"NextSeq 500"	"SINGLE"	"cDNA"	"TRANSCRIPTOMIC"	"GSM7120104"	"ILLUMINA"	"SRP429741"	"2023-04-19T00:00:00"	"168"	"149"	"399"	""	""	"0"	""	""	""	""
"SRR19738285"	"0.523"	"PRJNA850448"	"SAMN29182095"	"Transcriptional response to VZV infection is modulated by RNA Polymerase III in lung epithelial cell lines"	"Short interspersed nuclear elements (SINEs) are retrotransposons that generate exclusively double-stranded noncoding RNAs transcribed by the ancestral RNA polymerase III (Pol III), a multi-subunit polymerase. Although SINE ncRNAs are generally transcriptionally repressed, they can be induced in response to viral infections and can stimulate immune signaling pathways. Indeed, mutations in Pol III have been associated with poor antiviral interferon response following infection with varicella zoster virus (VZV). In this study, we probed the role of Pol III transcripts in the detection and initial immune response to VZV by characterizing the transcriptional response following VZV infection of wild type A549 lung epithelial cells as well as A549 cells lacking specific RNA sensor MAVS, or interferon-stimulated genes RNase L and PKR in presence or absence of functional RNA Pol III. Multiple components of the antiviral sensing and interferon signaling pathways were involved in restricting VZV replication in lung epithelial cells thus suggesting an innate defense system with built-in redundancy. In addition, RNase L deficiency led to a unique transcription profile indicating that RNA Pol III transcriptcs can act as immune sensors of VZV infection. Collectively, these findings suggest an essential role for RNA Pol III in the antiviral response to VZV infection."	"PMC:9359802"	"SRS13477240"	"RNA-Seq"	"UNIVERSITY OF KENTUCKY"	"SRX15784095"	"A549_PKRKO"	"Homo sapiens"	""	""	""	""	""	""	""	""	"lung"	"tissue"	"lung"	"BTO_0000763"	"239"	"1296039"	"9817"	"178959276"	"83"	"7337153"	"2456"	"473318283"	"Illumina HiSeq 4000"	"PAIRED"	"cDNA"	"GENOMIC"	"PKR_siBrf1_Infected_-9"	"ILLUMINA"	"SRP382324"	"2022-07-12T00:00:00"	"1660"	"278"	"5468"	"Human"	""	"0"	""	""	""	""
"SRR23991610"	"0.516"	"PRJNA949617"	"SAMN33950798"	"Lack of strong innate immune reactivity renders macrophages alone unable to control productive Varicella-Zoster Virus infection in an isogenic human iPSC-derived neuronal co-culture model."	"With Varicella-Zoster Virus (VZV) being an exclusive human pathogen, human induced pluripotent stem cell (hiPSC)-derived neural cell culture models are an emerging tool to investigate VZV neuro-immune interactions. Using a compartmentalized hiPSC-derived neuronal model allowing axonal VZV infection, we previously demonstrated that paracrine interferon (IFN)-α2 signalling is required to activate a broad spectrum of interferon-stimulated genes able to counteract a productive VZV infection in hiPSC-neurons. In this new study, we now investigated whether innate immune signalling by VZV-challenged macrophages was able to orchestrate an antiviral immune response in VZV-infected hiPSC-neurons. In order to establish an isogenic hiPSC-neuron / hiPSC-macrophage co-culture model, hiPSC-macrophages were generated and characterised for phenotype, gene expression, cytokine production and phagocytic capacity. Even though immunological competence of hiPSC-macrophages was shown following stimulation with the VZV mimic poly(dA:dT) or treatment with IFN-α2, hiPSC-macrophages in co-culture with VZV-infected hiPSC-neurons were unable to mount an antiviral immune response capable of suppressing a productive neuronal VZV infection. Subsequently, a comprehensive RNA-Seq analysis confirmed the lack of strong immune responsiveness by hiPSC-neurons and hiPSC-macrophages upon, respectively, VZV infection or challenge. This may suggest the need of other cell types, like T-cells or other innate immune cells, to (co-)orchestrate an efficient antiviral immune response against VZV-infected neurons.Overall design: We generated bulk RNA-seq samples from both hiPSC-neurons and hiPSC-macrophages, stimulated with the pro-inflammatory pdAT or cell-free VZV-eGFP/ORF23."	"PubMed:37287975"	"SRS17157625"	"RNA-Seq"	"VACCINE AND INFECTIOUS DISEASE INSTITUTE (VAXINFECTIO), UNIVERSITY OF ANTWERP"	"SRX19795203"	"GSM7120153"	"Homo sapiens"	""	""	""	""	""	""	""	""	""	""	""	""	"32"	"322650"	"674"	"11487130"	"33"	"1295926"	"429"	"48153709"	"NextSeq 500"	"SINGLE"	"cDNA"	"TRANSCRIPTOMIC"	"GSM7120153"	"ILLUMINA"	"SRP429741"	"2023-04-19T00:00:00"	"67"	"147"	"152"	""	""	"0"	""	""	""	""
"SRR11085319"	"0.513"	"PRJNA606600"	"SAMN14101259"	"Suppression of canonical TGF-β signaling enables GATA4 to interact with H3K27me3 demethylase JMJD3 to promote cardiomyogenesis"	"Direct reprogramming of fibroblasts into cardiomyocytes (CMs) represents a promising strategy to regenerate CMs lost after ischemic heart injury. Overexpression of GATA4, HAND2, MEF2C, TBX5, miR-1, and miR-133 (GHMT2m) along with transforming growth factor beta (TGFbeta) inhibition efficiently promotes reprogramming. However, the mechanisms by which TGFbeta; blockade promotes cardiac reprogramming remain unknown. Here, we identify interactions between the histone H3 lysine 27 trimethylation (H3K27me3), demethylase JMJD3, the SWI/SNF remodeling complex subunit BRG1, and cardiac transcription factors. Furthermore, canonical TGFbeta; signaling regulates the interaction between GATA4 and JMJD3. TGF-beta; activation impairs the ability of GATA4 to bind target genes and prevents demethylation of H3K27 at cardiac gene promoters during cardiac reprogramming. Finally, a mutation in GATA4 (V267M) exhibits reduced binding to JMJD3 and impaired cardiomyogenesis. Thus, we have identified an epigenetic mechanism wherein canonical TGFbeta; pathway activation impairs cardiac gene programming by interfering with GATA4-JMJD3 interactions.Overall design: Examination of H3K27me3 in mouse embryonic fibroblasts following induction of cardiomyocyte differentiation"	"PubMed:33359755"	"SRS6146211"	"ChIP-Seq"	"GEO"	"SRX7724274"	"GSM4314292"	"Mus musculus"	""	""	""	""	""	""	""	""	""	""	""	""	"173"	"5600851"	"4753"	"665506970"	"79"	"28589088"	"1685"	"1771141928"	"Illumina NovaSeq 6000"	"SINGLE"	"ChIP"	"GENOMIC"	""	"ILLUMINA"	"SRP249394"	"2021-02-13T00:00:00"	"2952"	"151"	"9059"	""	""	"0"	""	""	""	""
"SRR6824461"	"0.505"	"PRJNA436454"	"SAMN08626006"	"Mycobacterium tuberculosis Raw sequence reads"	"Comprehensive analysis of multidrug-resistant Mycobacterium tuberculosis in China based on the First National Survey of Drug-resistant Tuberculosis: a cross-sectional whole-genome sequencing and epidemiological study"	""	"SRS3034483"	"WGS"	"BEIJING INSTITUTE OF GENOMICS,CHINESE ACADEMY OF SCIENCES"	"SRX3780936"	"MDR_4117"	"Mycobacterium tuberculosis"	"112.33"	"37.54"	"lat_lon"	"{""geo_loc_name_country_calc"":[116.38765,39.90657],""geo_loc_name_sam"":[-70.65956,-33.56205],""geo_loc_name"":[-70.65956,-33.56205]}"	"host_disease"	"pulmonary tuberculosis tuberculosis"	"pulmonary tuberculosis"	"DOID_2957"	""	""	""	""	"2591"	"6616"	"16168"	"4565797"	"53"	"298776"	"527"	"15312462"	"HiSeq X Ten"	"PAIRED"	"RANDOM"	"GENOMIC"	"MDR_4117"	"ILLUMINA"	"SRP134826"	"2019-04-01T00:00:00"	"166"	"300"	"399"	"Pathogen.cl"	"2007-05-08"	"1"	"0.5"	"0.5"	"0.5"	"0.5"